review_id,pred_вход_фейсконтроль_охрана,pred_музыка_звук,pred_персонал_сервис,pred_бар_еда,pred_помещение_комфорт,pred_цены_финвопросы,pred_платный_вход,pred_безопасность_кражи,pred_контингент,pred_прочее
Ci9DQUlRQUNvZENodHljRjlvT2xwWlJWcEJlSEZuU1c5blEwZG5SemhNT0VWT1MxRRAB,0,0,0,0,0,0,0,0,0,0
Ci9DQUlRQUNvZENodHljRjlvT2pCUWRUaGpkbVIyU0ZOMFdHZEZVbWxoYW5KRE5HYxAB,0,0,0,0,0,0,0,0,0,0
Ci9DQUlRQUNvZENodHljRjlvT25sSGFIVktRa1EzVWs1YWIySXRaemxEYjFOV1VFRRAB,0,0,0,0,0,0,0,0,0,0
Ci9DQUlRQUNvZENodHljRjlvT25WZmMwOXBiMHhOU0VnM1EzQlFWbVZWY1VaYVpWRRAB,0,0,0,0,0,0,0,0,0,0
Ci9DQUlRQUNvZENodHljRjlvT2xaTGFqQmtiV2wwUzFoTVNUaG5UMlJwYm5wQ1dtYxAB,0,0,0,0,0,0,0,0,0,0
Ci9DQUlRQUNvZENodHljRjlvT2pSWVdYSlBUSGhUYlVGa1NYbGFlazlyZEhsaU1FRRAB,0,0,0,0,0,0,0,0,0,0
Ci9DQUlRQUNvZENodHljRjlvT2sxVlYyRXRWalYwWlhkbmJsOXdNV05zZFhadU4yYxAB,0,0,0,0,0,0,0,0,0,0
Ci9DQUlRQUNvZENodHljRjlvT25CVE9GVkNkazVIUjJoTldUSkZZazlzUm04MFlVRRAB,0,0,0,0,0,0,0,0,0,0
Ci9DQUlRQUNvZENodHljRjlvT2poaFpVbDNia3RHVEVWUmFVcG1ZMlEzZFVweU9IYxAB,0,0,1,0,0,0,0,0,0,0
Ci9DQUlRQUNvZENodHljRjlvT25walgzTkRSbkJSYTAweldqSkdTV05hTmpSR1dVRRAB,0,0,0,0,0,0,0,0,0,0
Ci9DQUlRQUNvZENodHljRjlvT2xSMWF6UTBWVVYyVG1wMlVWSlZXVXc1YlZjNVlsRRAB,0,0,0,0,1,0,0,0,0,0
Ci9DQUlRQUNvZENodHljRjlvT21GUFFuWjFkamRRV1V4NFJtcFBaMXBvUVROaGRIYxAB,0,0,0,0,0,0,0,0,0,0
Ci9DQUlRQUNvZENodHljRjlvT2s1R05HNTVTWEo2VWpkelVrdEZiR1Y0YzNBMmFYYxAB,1,0,0,0,0,0,0,0,0,0
Ci9DQUlRQUNvZENodHljRjlvT21OSWQxbzFMVVUwV0dwVU5HMTViV0ZxTTJSaWIzYxAB,0,0,0,0,0,0,0,0,1,0
Ci9DQUlRQUNvZENodHljRjlvT2t4S1lXeFpSMGRxT1hkWlpYTnBhM3B1UTBsMFQwRRAB,0,0,0,0,0,0,0,0,0,0
Ci9DQUlRQUNvZENodHljRjlvT201dlRGcDVNbUl6YzJSdmVVczRlVlE0WTNoalRGRRAB,0,0,0,0,0,0,0,0,0,0
Ci9DQUlRQUNvZENodHljRjlvT2pOVVMwbGZSVWQxYkhZMlNHdFhSVzVRWDFjNFdsRRAB,0,0,0,0,0,0,0,0,0,0
Ci9DQUlRQUNvZENodHljRjlvT25keU5raEhhekJNV0dNMVJXZDRZVkJOYjFkVVEyYxAB,1,0,0,1,0,0,0,0,0,0
ChdDSUhNMG9nS0VQU1B3Y2ZSenN2NnV3RRAB,0,0,0,0,0,0,0,0,0,0
ChZDSUhNMG9nS0VQS2R3YjJncEwyOWRREAE,0,0,0,0,0,0,0,0,0,0
ChdDSUhNMG9nS0VJQ0FnTURJdTk3SGhBRRAB,0,0,1,1,1,1,0,0,1,0
ChdDSUhNMG9nS0VJQ0FnTURJNU1lbzZnRRAB,1,0,0,0,0,0,0,0,0,1
ChdDSUhNMG9nS0VJQ0FnTUNRMksteW5nRRAB,1,1,0,0,0,0,0,0,0,0
ChdDSUhNMG9nS0VJQ0FnSUR2eGFPYXpRRRAB,0,0,0,0,1,0,0,0,1,0
ChdDSUhNMG9nS0VJQ0FnSURQNlpmUndRRRAB,0,0,0,0,0,0,0,0,0,0
ChZDSUhNMG9nS0VJQ0FnSUNQbGV1ZUFnEAE,0,0,0,0,0,0,0,0,0,0
ChZDSUhNMG9nS0VJQ0FnSUNQNG82alJnEAE,0,0,1,0,0,0,0,0,0,1
ChZDSUhNMG9nS0VJQ0FnSUMzbGJLa1ZBEAE,0,0,0,0,0,0,0,0,0,0
ChZDSUhNMG9nS0VJQ0FnSUMzOHBMd0xnEAE,0,0,0,0,1,0,0,0,0,0
ChdDSUhNMG9nS0VJQ0FnSURYbF9UYmxBRRAB,0,0,0,0,0,0,0,0,0,0
ChZDSUhNMG9nS0VJQ0FnSURYeDhpNU1REAE,0,0,0,0,0,0,0,0,0,0
ChZDSUhNMG9nS0VJQ0FnSURYdzhuRWV3EAE,0,0,0,0,0,0,0,0,0,0
ChdDSUhNMG9nS0VJQ0FnSURYNk55cDFnRRAB,0,0,0,0,0,0,0,0,0,0
ChdDSUhNMG9nS0VJQ0FnSUM3N19qM3V3RRAB,0,0,1,0,1,1,0,1,0,1
ChdDSUhNMG9nS0VJQ0FnSURidlBpaXdRRRAB,1,0,0,0,0,0,0,0,0,0
ChZDSUhNMG9nS0VJQ0FnSUN6dEpla0RBEAE,0,0,0,0,0,0,0,0,0,0
ChdDSUhNMG9nS0VJQ0FnSUNUMFpPLXV3RRAB,1,0,0,0,0,1,0,0,0,0
ChdDSUhNMG9nS0VJQ0FnSUNOdXZxWjdBRRAB,1,0,0,0,0,1,1,0,0,0
ChZDSUhNMG9nS0VJQ0FnSUM5eS16M0FnEAE,0,0,1,0,0,0,0,0,0,1
ChZDSUhNMG9nS0VJQ0FnSUM5N1BDelBBEAE,0,0,0,0,0,0,0,0,0,0
ChZDSUhNMG9nS0VJQ0FnSUNkME02N1NREAE,0,1,0,0,1,0,0,0,0,0
ChdDSUhNMG9nS0VJQ0FnSUNOOGVuWDZnRRAB,1,0,0,1,1,0,0,1,1,0
ChdDSUhNMG9nS0VJQ0FnSUNOdXFyaDRnRRAB,1,0,1,0,0,1,0,0,0,0
ChZDSUhNMG9nS0VJQ0FnSUNsM2VTY0dBEAE,0,0,1,0,1,0,0,0,0,1
ChdDSUhNMG9nS0VJQ0FnSUNGNmZ5aHFBRRAB,0,0,1,0,1,0,0,0,0,0
ChdDSUhNMG9nS0VJQ0FnSUNGNmFMTXN3RRAB,0,0,0,0,1,0,0,0,0,0
ChZDSUhNMG9nS0VJQ0FnSUNac0tlX1N3EAE,0,0,0,0,0,0,0,0,0,0
ChdDSUhNMG9nS0VJQ0FnSUNwOFkyejBBRRAB,0,0,0,0,0,0,0,0,0,0
Ci9DQUlRQUNvZENodHljRjlvT25KVlYybGFXbVV4YWxSNWRVUk5OalphY1hsRlFrRRAB,1,0,0,0,0,0,0,0,0,0
Ci9DQUlRQUNvZENodHljRjlvT2s1dVQxZHhUSFJZWlRsWE1IRjJiSFJrUW5VellWRRAB,0,0,0,0,0,0,0,0,0,0
Ci9DQUlRQUNvZENodHljRjlvT21KRE9UZEZlamxOWkhKbVFuQmFUbXhqVlRKUWIxRRAB,0,0,0,0,0,0,0,0,0,0
Ci9DQUlRQUNvZENodHljRjlvT21RemIxcEJWME51ZFZOdGNtdG1PVmh0UjNreWVYYxAB,0,0,0,0,0,0,0,0,0,0
Ci9DQUlRQUNvZENodHljRjlvT2w4NFdFMW1ORXhKUm5wTlJEbFZXRVpOVXpkUWMyYxAB,0,0,0,0,0,0,0,0,0,0
Ci9DQUlRQUNvZENodHljRjlvT2pkUWFIWlZlbWhHZDFCYWRHVnVhamhHWkRCdWNtYxAB,0,0,0,0,0,0,0,0,0,0
Ci9DQUlRQUNvZENodHljRjlvT25KSFpreHBaR0kyYVRsa00yMVlNbGxwZFRoeGRFRRAB,0,0,0,0,0,0,0,0,0,0
Ci9DQUlRQUNvZENodHljRjlvT25WRE1IZENiSGhxWkc5bWFVbEVPSFJhUzFGdlQxRRAB,0,0,0,0,0,0,0,0,0,0
Ci9DQUlRQUNvZENodHljRjlvT25Kb05VNDFSakJ4YjA5bWJucHdlV2wzYjNGeFpFRRAB,0,0,0,0,0,0,0,0,0,0
Ci9DQUlRQUNvZENodHljRjlvT2t4SmFUTXlRMUI0U2tsV1RXRTBlVFpVVDNCTVJIYxAB,0,0,0,0,0,0,0,0,0,0
Ci9DQUlRQUNvZENodHljRjlvT2pGVFF6QTNlV1pPWlhKS1l6WjZWRm81WkVZNVNrRRAB,0,0,0,0,0,0,0,0,0,0
Ci9DQUlRQUNvZENodHljRjlvT25ZM1VHeExSWEJtUlVKUU9HUnpUVFpFUVZaWE9GRRAB,0,0,0,0,0,0,0,0,0,0
Ci9DQUlRQUNvZENodHljRjlvT2pZeVMyaFZiM2Q2Y0RWbVJXdHNNMDloUjNscVgyYxAB,0,0,0,0,0,0,0,0,0,0
Ci9DQUlRQUNvZENodHljRjlvT21KeGVtTjZXVm8wYkdnekxVeHJWa2hIVW1sZlIzYxAB,0,0,0,0,0,0,0,0,0,0
Ci9DQUlRQUNvZENodHljRjlvT2pGdGFTMTVOMGRoVlRGMVJFZGhSbWRDTlhSNVpYYxAB,0,0,0,0,0,0,0,0,0,0
Ci9DQUlRQUNvZENodHljRjlvT2twbVJVSTJVVGhoTkc5eGNUVk5iRnBqY1d0elMwRRAB,0,0,0,0,0,0,0,0,0,0
Ci9DQUlRQUNvZENodHljRjlvT21oeVpqQklaM1E1VmxsR1puTmlRbVJOWDB3NGJuYxAB,0,0,0,0,0,0,0,0,0,0
Ci9DQUlRQUNvZENodHljRjlvT2pKTE1VaHZibk5zZW5GVGRYWTNNakJtTUROcmFWRRAB,0,0,0,0,0,0,0,0,0,0
Ci9DQUlRQUNvZENodHljRjlvT2t4WVMySlZORkZaYVVoVFVWTnplbWRoVEdWTWJIYxAB,0,0,0,0,0,0,0,0,0,0
Ci9DQUlRQUNvZENodHljRjlvT21ZM1EwSTVTMDl6UWpkNmRtTTVlWFUyYVZCVVUxRRAB,0,0,0,0,0,0,0,0,0,0
Ci9DQUlRQUNvZENodHljRjlvT25GRWVWTmFRblJoYjA5Q1VVRTVVek5QTVROVVJHYxAB,0,0,0,0,0,0,0,0,0,0
Ci9DQUlRQUNvZENodHljRjlvT2prNVRVNUpWa3huUnpOWldVdE5SM2cxUVZaVFdFRRAB,0,0,0,0,0,0,0,0,0,0
Ci9DQUlRQUNvZENodHljRjlvT25SMFdWSkxWRTV3ZDJGeFRrTjVaMHR6VDJwTWNYYxAB,0,0,0,0,0,0,0,0,0,0
Ci9DQUlRQUNvZENodHljRjlvT2pJelVGSmxVMlpzVG10amNYcG1ZVFJQY0hSdU5VRRAB,0,0,0,0,0,0,0,0,0,0
Ci9DQUlRQUNvZENodHljRjlvT25SQlRsbHVhMDUwZURKV1NFRkxSSFZVYzFCcVdGRRAB,0,0,0,0,0,0,0,0,0,0
Ci9DQUlRQUNvZENodHljRjlvT2pFd1lYUnJlVXhUWjJoc1UyMXFPWFl0WjBWV1VsRRAB,0,0,0,0,0,0,0,0,0,0
Ci9DQUlRQUNvZENodHljRjlvT2tWYVkybFVYMkphYWxOME0wUnBNMG8zZUU5RlpGRRAB,0,0,0,0,0,0,0,0,0,0
Ci9DQUlRQUNvZENodHljRjlvT2tOTmNFUnJZMFI0WVZOMU1IUXlTRkI0U214Uk5YYxAB,0,0,0,0,0,0,0,0,0,0
Ci9DQUlRQUNvZENodHljRjlvT25FdFNpMVVkVE5FV2tKUWJWcFNkRmxvWkZvelgzYxAB,0,0,0,0,0,0,0,0,0,0
Ci9DQUlRQUNvZENodHljRjlvT2tzeVRuUjZWMUozTjBsMWNHd3pUVFY1WTFOc00yYxAB,0,0,0,0,0,0,0,0,0,0
Ci9DQUlRQUNvZENodHljRjlvT2twSVUzUXljemRtZFdNd1VYQlNOVVZ5U0RCd1JHYxAB,0,1,0,0,0,0,0,0,0,0
ChdDSUhNMG9nS0VJQ0FnSURub2FHdzdRRRAB,0,0,0,0,0,0,0,0,0,0
ChdDSUhNMG9nS0VJQ0FnSURiOHB2YzhnRRAB,0,0,0,0,0,0,0,0,0,0
Ci9DQUlRQUNvZENodHljRjlvT2xkMFZETTBhMVpXUWpOWVFtVjZTSFpJY2pWMVVFRRAB,0,0,0,0,0,0,0,0,0,0
Ci9DQUlRQUNvZENodHljRjlvT2kxaGFHZzROMWRVTFhVME5VRmFZblUxU25SeldtYxAB,0,0,0,0,0,0,0,0,0,0
Ci9DQUlRQUNvZENodHljRjlvT25Gd1FqUTVUSFJSTWtOZlVYVlpjM001Tm5CTFNHYxAB,0,0,0,0,0,0,0,0,0,0
ChZDSUhNMG9nS0VJQ0FnSURybF83R1d3EAE,0,0,1,0,0,0,0,0,0,0
ChdDSUhNMG9nS0VJQ0FnSURyc3AyVnJRRRAB,0,0,0,0,0,0,0,0,0,0
ChZDSUhNMG9nS0VJQ0FnSURMbmRUUVZBEAE,0,0,1,0,0,0,0,0,0,0
ChZDSUhNMG9nS0VJQ0FnSUN6bHFfNUZ3EAE,1,0,0,0,0,0,0,0,0,0
ChZDSUhNMG9nS0VJQ0FnSURqZ3Jqbk93EAE,0,0,0,0,0,0,0,0,0,0
ChZDSUhNMG9nS0VJQ0FnSUREclp2ZEJnEAE,1,0,0,0,0,0,0,0,0,0
ChZDSUhNMG9nS0VJQ0FnSURGXzdDY0tREAE,1,0,0,0,0,0,0,0,0,0
ChZDSUhNMG9nS0VJQ0FnSURadnRMbmVREAE,0,0,1,1,0,0,0,0,0,0
ChZDSUhNMG9nS0VJQ0FnSUNaaU16Z0pREAE,1,0,0,0,0,0,0,0,0,0
ChZDSUhNMG9nS0VJQ0FnSUNwaEpTOUNREAE,0,0,1,0,0,0,0,0,0,0
ChdDSUhNMG9nS0VJQ0FnSURPMmRHUGdnRRAB,0,0,0,0,0,0,0,0,0,0
ChZDSUhNMG9nS0VJQ0FnSUR4aTdTZEhnEAE,0,0,0,1,0,1,0,0,0,0
ChZDSUhNMG9nS0VJQ0FnSUR4OU43bkJBEAE,1,1,0,0,0,0,0,0,1,0
ChdDSUhNMG9nS0VJQ0FnSUR4OU9EcnBnRRAB,0,1,0,0,0,0,0,0,1,0
ChZDSUhNMG9nS0VJQ0FnSUNXaUtXMmZREAE,0,0,0,0,0,0,0,0,0,0
ChdDSUhNMG9nS0VJQ0FnSUNXOElTbTlBRRAB,0,0,1,0,0,0,0,0,1,0
ChZDSUhNMG9nS0VJQ0FnSURtM19pYkdBEAE,0,0,0,0,0,0,0,0,0,0
ChZDSUhNMG9nS0VJQ0FnSURtMzVpZEJBEAE,0,0,0,0,0,0,0,0,0,0
ChZDSUhNMG9nS0VJQ0FnSURtLTVLVENnEAE,0,0,0,0,0,0,0,0,0,0
ChZDSUhNMG9nS0VJQ0FnSUNtdjlYT2RREAE,0,0,1,1,1,0,0,0,1,0
ChdDSUhNMG9nS0VJQ0FnSUNtZzZUNmxBRRAB,0,0,0,0,0,0,0,0,0,0
Ci9DQUlRQUNvZENodHljRjlvT2s1TFpYWnljRXcyUjJGd09XaHZXSGRFVWxKaU9IYxAB,0,0,0,0,0,0,0,0,0,0
Ci9DQUlRQUNvZENodHljRjlvT2pGd01rRlBOWFJJTldvNFdqWkZNVWxaVVRWcWNsRRAB,0,0,1,1,0,0,0,0,0,0
Ci9DQUlRQUNvZENodHljRjlvT2pGUVVEazJWRlJrVFZwV2FVdEZVSGxPVGtwSVIxRRAB,0,0,0,0,1,1,1,0,0,0
Ci9DQUlRQUNvZENodHljRjlvT2tsYU1tVmlabEZ5UjFKU1RqSlNNMUJHVFVGTFRuYxAB,0,0,0,0,0,0,0,0,0,0
Ci9DQUlRQUNvZENodHljRjlvT2taVGRtTnRUa3R3VURWa2JGSnJaMDUyVTBOWE5XYxAB,0,0,0,0,0,0,0,0,0,0
Ci9DQUlRQUNvZENodHljRjlvT2w5V1dYbGpWVW8zUjFCRlEwSkZkM2RHY0VoQlYxRRAB,0,0,0,0,0,0,0,0,0,0
Ci9DQUlRQUNvZENodHljRjlvT21ocWIycHZjbm8yYzNvMlEyNWlaRjlUTjBWRE4yYxAB,0,0,0,0,0,0,0,0,0,0
Ci9DQUlRQUNvZENodHljRjlvT2psZlpXcHpVM3BtVm1ORWVYWm9kekpPTkZSUVUzYxAB,0,0,0,0,0,0,0,0,0,0
Ci9DQUlRQUNvZENodHljRjlvT2pObU5GSlRjMnR3UjNwQk9EQnllR1l4UjJKSGVtYxAB,0,0,0,0,0,0,0,0,0,0
Ci9DQUlRQUNvZENodHljRjlvT21sWmMzaEZNakEwUTBwc1QwaG9lbk5CV1RoamVGRRAB,0,0,0,0,0,0,0,0,0,0
Ci9DQUlRQUNvZENodHljRjlvT25kaU9EbENObUpGVVZwamRDMUpkRzgxTW5vdFluYxAB,0,0,0,0,0,0,0,0,0,0
Ci9DQUlRQUNvZENodHljRjlvT25OVVV6QXlTMTlPT0ZVM1ZVeHpXVUpJY0doelkxRRAB,0,0,0,0,0,1,0,0,0,0
Ci9DQUlRQUNvZENodHljRjlvT2w5SVgyUllhMGMwY0ZkcFpVZHRPVjl5VTNsNlJWRRAB,0,0,0,0,0,0,0,0,0,0
ChZDSUhNMG9nS0VJQ0FnSUNINU9XYWJBEAE,0,0,1,0,0,0,0,0,0,0
ChZDSUhNMG9nS0VJQ0FnSUM3eGFIUVRnEAE,0,0,0,0,1,1,0,0,0,0
ChdDSUhNMG9nS0VJQ0FnSUNydHREenpRRRAB,0,1,0,0,0,0,0,0,0,0
ChdDSUhNMG9nS0VJQ0FnSUR0ckk2ZWp3RRAB,0,0,0,0,0,0,0,0,0,0
ChZDSUhNMG9nS0VJQ0FnSUR0c1BPS0ZBEAE,0,0,1,0,0,0,0,0,0,0
ChdDSUhNMG9nS0VJQ0FnSUNaNi1DYjBnRRAB,0,0,0,0,0,0,0,0,0,0
ChZDSUhNMG9nS0VJQ0FnSUNwdDlPY0FnEAE,1,0,0,0,0,0,0,0,0,0
ChZDSUhNMG9nS0VJQ0FnSUR4OUtDREpBEAE,0,1,0,0,1,0,0,0,1,0
ChZDSUhNMG9nS0VJQ0FnSURtenNtaklnEAE,0,0,1,1,1,0,0,0,0,0
Ci9DQUlRQUNvZENodHljRjlvT2toelp6ZENURWhsVVV0UE1rMUtjamwwY0hkRk0wRRAB,0,0,0,0,0,0,0,0,0,0
Ci9DQUlRQUNvZENodHljRjlvT21GRGNYRmZaVGhWWjBGbGRFWkNObmxhUVc1RGQyYxAB,0,0,0,0,0,0,0,0,0,0
Ci9DQUlRQUNvZENodHljRjlvT2xKTFJtd3lNRTQ1YjJKcmVrZFBjbkprVWw5UWMzYxAB,0,0,0,0,0,0,0,0,0,0
Ci9DQUlRQUNvZENodHljRjlvT21WUFdsWmtXV2hVYld0bFowdEZTemhZU1hjelgyYxAB,1,0,0,0,0,0,0,0,0,1
Ci9DQUlRQUNvZENodHljRjlvT25kUVdIRTVkemczZEY4dFlXNWhhM1k0ZG5OdGRGRRAB,1,0,0,0,0,1,1,0,0,0
Ci9DQUlRQUNvZENodHljRjlvT2taWFJ6TmhjVlpPZFVwbVdrWkNZVmhEVlc5elpFRRAB,0,0,0,0,1,0,0,0,0,0
Ci9DQUlRQUNvZENodHljRjlvT210Rk4ybHVSR1ZMWVRORmVYVnpOM2sxVFhoaFgwRRAB,1,0,0,0,0,0,0,0,0,0
Ci9DQUlRQUNvZENodHljRjlvT2tVd2RFMW9ka3hwVEdaT1VERk5RVWs0YzNKblRrRRAB,0,0,0,0,0,0,0,0,0,0
Ci9DQUlRQUNvZENodHljRjlvT213M1pGcEdkbEpZWkVkeU5WUk5kelZoWjI5M1RFRRAB,0,0,1,0,0,1,0,0,0,0
Ci9DQUlRQUNvZENodHljRjlvT2xoaFVsUjBielpQTVY5YVEwOUpVazlLTjNwVFkyYxAB,1,0,0,0,0,1,0,0,0,1
Ci9DQUlRQUNvZENodHljRjlvT25kaFIwdEpTakpYZEdWMU5IWXRVRzVyV1U4emNIYxAB,1,0,0,0,0,1,0,0,0,0
Ci9DQUlRQUNvZENodHljRjlvT2xsVU5FWTBlbGhuWDJkaVowNXRWRTlGWjFsMWMyYxAB,1,0,0,0,0,1,0,0,0,0
Ci9DQUlRQUNvZENodHljRjlvT25kZlJpMHhWMVZmTUdnd1J6Uk9XazluVDNRdFVtYxAB,0,0,0,0,0,0,0,0,0,0
Ci9DQUlRQUNvZENodHljRjlvT2pKRFlWOU9hbVJSU0UxRVYwWkRhR2xpVkZGeGNHYxAB,1,0,0,0,0,0,0,0,0,0
Ci9DQUlRQUNvZENodHljRjlvT25SSVF6bFhVVUpGTlc5RFlVRlVZWFJLU1ZkV09FRRAB,1,0,1,0,0,1,0,0,0,1
Ci9DQUlRQUNvZENodHljRjlvT2t4TGNVSkJOV0pDWHpsVVZHUlVja0YxZWtwWlQzYxAB,1,0,1,0,0,0,0,0,0,0
Ci9DQUlRQUNvZENodHljRjlvT2xZNFlXUkhiSGRWVW1KdmMxZHRlRVYxT1ZBeGFWRRAB,1,0,0,0,0,0,0,0,0,0
Ci9DQUlRQUNvZENodHljRjlvT21Jek9FWkdTSHBVWmpWNVVGZGlhM05ETFVvek5tYxAB,1,0,1,0,0,0,0,0,0,0
Ci9DQUlRQUNvZENodHljRjlvT2tSdldUQjJkRkJLV0RSalZETXpVRVkzVmxKT05GRRAB,1,0,0,0,0,0,0,0,0,1
Ci9DQUlRQUNvZENodHljRjlvT25sdmRUWjRPSEZ2VjE4eVNXTlhjMUpVUzE4NFQwRRAB,0,0,0,0,0,0,0,0,0,0
Ci9DQUlRQUNvZENodHljRjlvT2xCclUwdFRORU5zWTNKU1pHdExiRlpQU1c5aFNXYxAB,0,0,1,0,0,1,0,0,0,0
Ci9DQUlRQUNvZENodHljRjlvT2xoUk1GOXhVRzE2U2xWc01sbEJZVUowWm5sU0xWRRAB,0,0,1,1,0,0,0,0,0,0
Ci9DQUlRQUNvZENodHljRjlvT2t0RVdWZEROWHAzV1hWR2RYWktVVzlFYjBZMVRXYxAB,1,0,0,0,0,1,1,0,0,0
Ci9DQUlRQUNvZENodHljRjlvT2tacGFWWldWemhpYjJaM1QxQlFkbXRtTkVkUmFGRRAB,0,0,0,0,0,0,0,0,0,0
Ci9DQUlRQUNvZENodHljRjlvT2tFd2VTMWpjVmd5VW5Sd1NrbGlVazlhYlRJNU1tYxAB,1,0,0,0,0,0,1,0,0,0
Ci9DQUlRQUNvZENodHljRjlvT2xObVoydEdjVlZJUmtSc2MxWlFVM0ZxZWtaQ2JsRRAB,0,0,0,1,1,0,0,0,0,0
ChZDSUhNMG9nS0VJQ0FnTUNJbTdHMklnEAE,0,0,0,0,0,0,0,0,0,1
ChdDSUhNMG9nS0VJQ0FnTURRbGRfcXZBRRAB,0,0,0,1,0,0,0,0,0,0
ChZDSUhNMG9nS0VJQ0FnTUNnMmVyNEZREAE,0,0,1,0,0,0,0,0,0,0
ChdDSUhNMG9nS0VJQ0FnTURBOXAzbW1BRRAB,0,0,1,0,0,1,0,0,0,0
ChdDSUhNMG9nS0VJQ0FnTURBOW9qMjJ3RRAB,0,0,1,0,0,0,0,0,0,0
ChRDSUhNMG9nS0VJQ0FnSURmcHVoSRAB,0,0,1,0,0,1,0,0,0,0
ChZDSUhNMG9nS0VJQ0FnSUNmdTZHc0NBEAE,0,1,0,0,0,1,0,0,0,0
ChZDSUhNMG9nS0VJQ0FnSUR2eGJQREhBEAE,0,1,0,0,0,1,0,0,0,0
ChdDSUhNMG9nS0VJQ0FnSUN2d19TYW9RRRAB,1,0,0,0,0,0,0,0,0,0
ChZDSUhNMG9nS0VJQ0FnSUN2MWFuc2Z3EAE,1,0,0,0,0,1,0,0,0,0
ChdDSUhNMG9nS0VJQ0FnSURQbkxHdXFBRRAB,1,0,0,0,0,0,0,0,0,0
ChZDSUhNMG9nS0VJQ0FnSURQbk9qSk9nEAE,1,0,0,0,0,0,0,0,0,0
ChZDSUhNMG9nS0VJQ0FnSURYaDlhNVJnEAE,1,0,0,0,0,1,0,0,0,0
ChdDSUhNMG9nS0VJQ0FnSURYbzctU2dnRRAB,1,0,0,0,0,0,0,0,0,0
ChdDSUhNMG9nS0VJQ0FnSUNuX2ZLTDJ3RRAB,1,0,0,0,0,0,0,0,0,0
ChZDSUhNMG9nS0VJQ0FnSUNudmVINVp3EAE,0,0,0,0,0,0,0,0,0,0
ChZDSUhNMG9nS0VJQ0FnSURicXNmT0FREAE,1,0,0,0,0,1,0,0,0,0
ChZDSUhNMG9nS0VJQ0FnSURiblBIQkVnEAE,0,0,1,1,1,1,1,0,1,0
ChdDSUhNMG9nS0VJQ0FnSURibk9Id3RnRRAB,0,0,1,0,0,1,0,0,0,0
ChdDSUhNMG9nS0VJQ0FnSURibk1HeWxnRRAB,0,0,1,0,0,0,0,0,0,0
ChdDSUhNMG9nS0VJQ0FnSURiblA2Y3N3RRAB,0,0,0,0,0,1,0,0,0,0
ChZDSUhNMG9nS0VJQ0FnSURibk43aFR3EAE,0,1,0,1,0,1,0,0,0,0
ChdDSUhNMG9nS0VJQ0FnSUNibnFIOTh3RRAB,0,0,1,0,0,0,0,0,0,0
ChdDSUhNMG9nS0VJQ0FnSURyNS1UZndRRRAB,1,0,0,0,0,0,0,0,0,0
ChdDSUhNMG9nS0VJQ0FnSURyaTh1SS1BRRAB,1,0,0,0,0,1,0,0,0,0
ChdDSUhNMG9nS0VJQ0FnSURyNU5MSGpRRRAB,1,0,0,0,0,0,0,0,0,1
ChdDSUhNMG9nS0VJQ0FnSUNyd1BPVjh3RRAB,0,1,0,1,1,1,0,0,0,0
ChdDSUhNMG9nS0VJQ0FnSURMMDUyVjhRRRAB,1,0,0,0,0,1,0,0,0,0
ChZDSUhNMG9nS0VJQ0FnSUNMeXJLZ1BnEAE,0,0,1,1,0,1,0,0,0,0
Ci9DQUlRQUNvZENodHljRjlvT21SZlpuRnBSR1F3VVU1UlRVSkJkVkIxVW5GSldFRRAB,1,0,0,0,1,0,0,0,0,0
Ci9DQUlRQUNvZENodHljRjlvT2tGMGVsbHJhemhMVEhGM2JuTnhhek5CWlhoTU9YYxAB,0,1,0,1,0,0,0,0,1,0
Ci9DQUlRQUNvZENodHljRjlvT21Gb0xUbGFORWc1WVdaTVZuUjBlRWMwVTBaamFYYxAB,0,0,1,0,0,0,0,0,0,0
Ci9DQUlRQUNvZENodHljRjlvT2pabU4xUkNMVlpHWW1OUlJYUTBTbWhEZVVOTlIzYxAB,0,0,0,0,0,0,0,0,0,0
Ci9DQUlRQUNvZENodHljRjlvT25GbVMzVk9aak5vZW5Kd09FSnNSRXhLTFhkdGEyYxAB,0,1,1,1,0,0,0,0,0,0
Ci9DQUlRQUNvZENodHljRjlvT2pNM2JYbHFiMk5XY21wMGEzb3plRzlKZFU5SVVWRRAB,1,0,1,0,1,0,0,0,1,0
Ci9DQUlRQUNvZENodHljRjlvT2t4R2FWRnBRMXBRTWxCTE5GaFNSWEY1VkdsTlQyYxAB,0,0,0,0,0,0,0,0,0,0
ChdDSUhNMG9nS0VJQ0FnTURvNVpDT3B3RRAB,0,0,0,0,0,0,0,0,0,0
ChZDSUhNMG9nS0VJQ0FnTURnM2RXT1lnEAE,0,0,0,0,0,0,0,0,0,0
ChdDSUhNMG9nS0VJQ0FnSURYMzlhRDNnRRAB,0,0,0,0,0,0,0,0,0,0
ChdDSUhNMG9nS0VJQ0FnSURuaDhtTXpnRRAB,1,0,0,0,0,0,0,0,0,0
ChdDSUhNMG9nS0VJQ0FnSUNIdHBHZDZnRRAB,0,0,0,0,0,0,0,0,0,0
ChZDSUhNMG9nS0VJQ0FnSURiai1uQ0pREAE,1,0,0,0,1,0,0,0,0,0
ChZDSUhNMG9nS0VJQ0FnSUNiLWQ2VEpnEAE,0,0,0,0,0,0,0,0,0,0
ChdDSUhNMG9nS0VJQ0FnSURybkk3OTd3RRAB,0,0,1,0,0,0,0,0,0,0
ChZDSUhNMG9nS0VJQ0FnSUN6cXVlaGFBEAE,1,0,0,0,0,0,0,0,0,0
ChdDSUhNMG9nS0VJQ0FnSURKN196ajVRRRAB,1,0,0,0,0,0,0,0,0,0
ChZDSUhNMG9nS0VJQ0FnSUREaFlmRkZ3EAE,0,0,0,0,0,0,0,0,0,0
ChdDSUhNMG9nS0VJQ0FnSUM5MU8ybzhRRRAB,1,0,0,0,0,0,0,0,0,0
ChdDSUhNMG9nS0VJQ0FnSURkM3ZMU2l3RRAB,0,0,0,0,0,0,0,0,0,0
ChZDSUhNMG9nS0VJQ0FnSUNsNE0yWWV3EAE,1,0,0,0,0,0,0,0,0,0
ChZDSUhNMG9nS0VJQ0FnSURwZ3Z2TFBnEAE,0,0,0,0,0,0,0,0,0,0
ChZDSUhNMG9nS0VJQ0FnSUNwel8teFJBEAE,0,0,0,0,1,0,0,0,0,0
ChdDSUhNMG9nS0VJQ0FnSUNKMU5YNXlRRRAB,0,0,0,0,0,0,0,0,0,0
ChZDSUhNMG9nS0VJQ0FnSUN4djdlUFp3EAE,0,0,0,0,0,0,0,0,0,0
ChZDSUhNMG9nS0VJQ0FnSUNXZ3R2S2NnEAE,0,0,0,0,0,0,0,1,0,0
ChdDSUhNMG9nS0VJQ0FnSURtdEs3el9nRRAB,0,0,0,0,0,0,0,0,0,0
ChdDSUhNMG9nS0VJQ0FnSUNtbmRqbmlRRRAB,0,0,0,0,0,0,0,0,0,0
Ci9DQUlRQUNvZENodHljRjlvT20xNlZsRk1RMTh4Tm05amNFbERhRWcwWkhGNFgyYxAB,0,0,0,0,0,0,0,0,0,0
Ci9DQUlRQUNvZENodHljRjlvT2sxb05HVlFhamxHUzJ4elFVUm9Na0ZhUXpsMmRGRRAB,0,0,0,0,0,0,0,0,0,0
Ci9DQUlRQUNvZENodHljRjlvT21wb1lsazFPV2MzVDJKcU5uQjVRMmRYT0UxNlJsRRAB,0,0,0,0,0,0,0,0,0,0
ChdDSUhNMG9nS0VJQ0FnTURnaWJEcnlBRRAB,1,1,0,1,1,0,0,0,1,0
ChdDSUhNMG9nS0VJQ0FnSUR2NEszdW93RRAB,0,0,0,0,0,0,0,0,0,0
ChZDSUhNMG9nS0VJQ0FnSUR2NE82dVJnEAE,0,0,0,0,0,0,0,0,0,0
ChdDSUhNMG9nS0VJQ0FnSUN2aGJpZWdBRRAB,0,0,0,0,0,0,0,0,0,0
ChdDSUhNMG9nS0VJQ0FnSURQNlpEam5RRRAB,0,0,0,0,0,0,0,0,0,0
ChdDSUhNMG9nS0VJQ0FnSURQcWF1LV9nRRAB,0,0,0,0,0,0,0,0,0,0
ChdDSUhNMG9nS0VJQ0FnSURYOGFHdzVnRRAB,0,0,0,0,0,0,0,0,0,0
ChZDSUhNMG9nS0VJQ0FnSURYOGRhNVVnEAE,0,0,0,0,0,0,0,0,0,0
ChdDSUhNMG9nS0VJQ0FnSURYbE9fQnZ3RRAB,0,0,0,0,0,0,0,0,0,0
ChZDSUhNMG9nS0VJQ0FnSUNYaHNiMUV3EAE,0,0,0,0,0,0,0,0,0,0
ChdDSUhNMG9nS0VJQ0FnSURiaXVlbTFBRRAB,1,0,1,0,0,0,0,0,1,0
ChdDSUhNMG9nS0VJQ0FnSUNiLVkzVXd3RRAB,1,0,0,0,0,0,0,0,0,0
ChZDSUhNMG9nS0VJQ0FnSURMdlpPa1dBEAE,0,0,1,0,0,0,0,0,0,0
ChZDSUhNMG9nS0VJQ0FnSUN6bHIzS0N3EAE,1,0,0,0,0,0,0,0,0,0
ChdDSUhNMG9nS0VJQ0FnSURkN2NqaXN3RRAB,0,0,0,0,0,0,0,0,0,0
ChdDSUhNMG9nS0VJQ0FnSUQxbHM2NWxBRRAB,1,0,0,0,0,0,0,0,0,0
ChZDSUhNMG9nS0VJQ0FnSUMxdExtOVpnEAE,1,0,0,0,0,0,0,0,0,0
ChdDSUhNMG9nS0VJQ0FnSUMxdExtUzJBRRAB,1,0,0,0,0,0,0,0,0,0
ChZDSUhNMG9nS0VJQ0FnSUQ1X0tEYkpnEAE,0,0,0,0,0,0,0,0,0,0
ChdDSUhNMG9nS0VJQ0FnSUQ1X01EWDV3RRAB,0,0,0,0,0,0,0,0,0,0
ChZDSUhNMG9nS0VJQ0FnSUQ1X0lEX0N3EAE,0,0,0,0,0,0,0,0,0,0
ChZDSUhNMG9nS0VJQ0FnSUQ1dklfalhREAE,0,0,0,0,0,0,0,0,0,0
ChZDSUhNMG9nS0VJQ0FnSUQ1dk5mNERREAE,0,0,0,0,0,0,0,0,0,0
ChZDSUhNMG9nS0VJQ0FnSUQ1dktlVE5BEAE,0,0,0,0,0,0,0,0,0,0
ChZDSUhNMG9nS0VJQ0FnSUQ1dktmOWNBEAE,0,0,0,0,0,0,0,0,0,0
ChZDSUhNMG9nS0VJQ0FnSUQ1dk5tZ2NnEAE,0,0,0,0,0,0,0,0,0,0
ChdDSUhNMG9nS0VJQ0FnSUQ1dkthMXB3RRAB,0,0,0,0,0,0,0,0,0,0
ChZDSUhNMG9nS0VJQ0FnSUQ1dlBxTUpnEAE,0,0,0,0,0,0,0,0,0,0
ChdDSUhNMG9nS0VJQ0FnSUQ1dk5xejNBRRAB,0,0,0,0,0,0,0,0,0,0
ChZDSUhNMG9nS0VJQ0FnSUQ1dk9yRlpnEAE,0,0,0,0,0,0,0,0,0,0
ChdDSUhNMG9nS0VJQ0FnSUQ1M05lRDl3RRAB,1,0,1,1,0,0,0,0,0,1
ChdDSUhNMG9nS0VJQ0FnSURwN19Qa3NRRRAB,1,0,1,0,0,0,1,0,0,0
ChZDSUhNMG9nS0VJQ0FnSURKM3Jyb0hnEAE,0,0,0,0,0,0,0,0,0,0
ChZDSUhNMG9nS0VJQ0FnSUR4X3FiSEx3EAE,0,0,0,0,0,0,0,0,0,0
Ci9DQUlRQUNvZENodHljRjlvT2pKQ2QxOVZlazF2UlhJd1EwRlNVVzFMYWxwSWJXYxAB,0,0,0,0,0,0,0,0,0,0
Ci9DQUlRQUNvZENodHljRjlvT2xWSlQySklSSGhPV2tOcmMwbE9RMnBoZVZCNWIxRRAB,0,0,1,1,0,0,0,0,0,1
Ci9DQUlRQUNvZENodHljRjlvT2tkM2EzSlJaaTFLTjB4dFpETmtkRmQzYm5sQ1RFRRAB,0,0,0,0,0,0,0,0,0,0
ChdDSUhNMG9nS0VJQ0FnSUNIa3NhR3RRRRAB,0,0,0,0,0,0,0,0,0,0
Ci9DQUlRQUNvZENodHljRjlvT210SVYxaGZZVUo2TVc1WlgwVjZhVGw2VlZaa1YzYxAB,0,1,0,0,0,0,0,0,1,0
Ci9DQUlRQUNvZENodHljRjlvT21kbWVURXhUMlp5UVRGNlZYZGpkRUp4VlhCalMzYxAB,0,0,0,1,0,0,0,0,0,0
Ci9DQUlRQUNvZENodHljRjlvT2tSQmRHZDFXR0YzYlZOc04wNURiVVE0Y1c5WU1uYxAB,0,0,1,0,0,0,0,0,0,0
Ci9DQUlRQUNvZENodHljRjlvT2s5aGJERm1YMTgyYVRsQlVXWlhVVFZHWWt0UE5GRRAB,0,0,0,0,0,0,0,0,0,0
Ci9DQUlRQUNvZENodHljRjlvT2w5d1ducHhaVzQyVnpoR1kwUXdkR3RMWDNOYVYwRRAB,0,0,0,0,0,0,0,0,0,0
Ci9DQUlRQUNvZENodHljRjlvT2tkaE1XWTBORnBxV2xONmNtZFFaemN5WWxkSWVXYxAB,0,0,0,0,0,0,0,0,0,0
Ci9DQUlRQUNvZENodHljRjlvT25wVVpUTmphbTQxVjJjMFEwTklWVnBuVTFweVdGRRAB,0,0,1,0,0,0,0,0,0,0
ChZDSUhNMG9nS0VJUzQwYS0tNGJma1FREAE,0,0,1,0,0,0,0,0,0,0
ChZDSUhNMG9nS0VOZmtfTnpxX3V5MEdREAE,0,0,0,0,0,0,0,0,0,0
ChZDSUhNMG9nS0VJQ0FnTURvZ2ZYbUd3EAE,0,0,1,0,1,0,0,0,0,1
ChdDSUhNMG9nS0VJQ0FnTURRaXFPV2dRRRAB,0,0,0,0,1,1,0,0,0,1
ChZDSUhNMG9nS0VJQ0FnTURnMXNMWWFBEAE,0,0,0,0,0,0,0,0,0,0
ChdDSUhNMG9nS0VJQ0FnSURmc3RTN3hnRRAB,0,0,0,0,0,0,0,0,0,0
ChdDSUhNMG9nS0VJQ0FnSURQam9YODJ3RRAB,0,0,0,0,1,0,0,0,0,0
ChZDSUhNMG9nS0VJQ0FnSURuOEtEY1lBEAE,0,0,1,0,0,0,0,0,0,0
ChdDSUhNMG9nS0VJQ0FnSUM3d3VqNTRBRRAB,1,0,0,0,0,0,0,0,0,0
ChdDSUhNMG9nS0VJQ0FnSURqcHU3MS1BRRAB,0,0,0,1,0,0,0,0,0,0
ChZDSUhNMG9nS0VJQ0FnSUM5eTVMR0xBEAE,0,0,0,0,0,0,0,0,0,0
ChdDSUhNMG9nS0VJQ0FnSUM5aGJQbTFRRRAB,0,0,0,0,0,0,0,0,0,0
ChZDSUhNMG9nS0VJQ0FnSUNOOXNlalV3EAE,0,0,0,1,0,0,0,0,0,0
ChdDSUhNMG9nS0VJQ0FnSUMxMExuX2pRRRAB,0,0,0,0,0,0,0,0,0,0
ChZDSUhNMG9nS0VJQ0FnSURGM2FLSUVnEAE,0,0,0,1,1,1,0,0,1,1
ChdDSUhNMG9nS0VJQ0FnSUNGaHVUeWtnRRAB,0,0,1,0,1,0,0,0,0,1
ChRDSUhNMG9nS0VJQ0FnSUM1MFl3RRAB,0,0,1,0,0,0,0,0,0,0
ChdDSUhNMG9nS0VJQ0FnSURac05PaG1nRRAB,0,0,0,0,0,0,0,0,1,0
ChdDSUhNMG9nS0VJQ0FnSUNaMXJQSnF3RRAB,0,0,0,0,0,0,0,0,0,0
ChdDSUhNMG9nS0VJQ0FnSURwNTQ2TzFBRRAB,0,0,1,1,0,0,0,0,0,0
ChZDSUhNMG9nS0VJQ0FnSURwdUpIdmRREAE,0,0,0,0,0,0,0,0,0,0
ChZDSUhNMG9nS0VJQ0FnSUNwdVBPV1hBEAE,0,0,0,0,0,0,0,0,0,0
ChdDSUhNMG9nS0VJQ0FnSURKNXVmVnRRRRAB,0,0,0,0,0,0,0,0,0,0
ChZDSUhNMG9nS0VJQ0FnSURKNE5qc1NnEAE,0,1,1,0,0,0,0,0,0,1
ChdDSUhNMG9nS0VJQ0FnSUNXcXQzbWxBRRAB,0,0,0,0,0,0,0,0,0,0
ChZDSUhNMG9nS0VJQ0FnSUNXeXB6QUxnEAE,0,0,0,0,0,0,0,0,0,0
ChdDSUhNMG9nS0VJQ0FnSUNXOHJxMHB3RRAB,0,0,0,0,1,0,0,0,0,0
ChZDSUhNMG9nS0VJQ0FnSUNXb3A2ekdnEAE,0,0,0,0,0,0,0,0,0,0
ChdDSUhNMG9nS0VJQ0FnSUNXM01hR3ZBRRAB,0,0,0,0,0,0,0,0,0,0
ChZDSUhNMG9nS0VJQ0FnSUNXbkwyOGJ3EAE,0,0,0,0,0,0,0,0,0,0
ChZDSUhNMG9nS0VJQ0FnSUNXb05DSFdREAE,0,0,0,1,0,0,0,0,0,0
ChdDSUhNMG9nS0VJQ0FnSURtbDhhTHRnRRAB,0,0,0,0,0,0,0,0,0,0
Ci9DQUlRQUNvZENodHljRjlvT2pOWU9GbFVVMnA2Ulc1d2NUbHVZVTl2VUc5UmJuYxAB,0,0,0,0,0,0,0,0,0,0
Ci9DQUlRQUNvZENodHljRjlvT2xrNFJYaFFiMHAyYTNCbU5HWmFUakZLUXpRNGFFRRAB,1,0,0,0,0,0,0,0,0,0
Ci9DQUlRQUNvZENodHljRjlvT21GRlYycHBialk0YkV0d01WUnpZelpqVkdwNlJWRRAB,1,0,0,0,0,0,0,0,1,0
ChZDSUhNMG9nS0VJQ0FnSUNQenZqMFZ3EAE,1,0,0,0,0,0,0,0,0,0
ChdDSUhNMG9nS0VJQ0FnSURiZy12VXF3RRAB,0,0,0,0,0,0,0,0,0,0
ChZDSUhNMG9nS0VJQ0FnSUN0OXZlcFB3EAE,0,0,0,0,0,0,0,0,0,0
ChdDSUhNMG9nS0VJQ0FnSUQxa2I2OHVnRRAB,0,0,0,0,0,0,0,0,0,0
ChdDSUhNMG9nS0VJQ0FnSUMxOW9fXzZ3RRAB,0,0,0,0,0,0,0,0,0,0
ChZDSUhNMG9nS0VJQ0FnSUMxeXRhRkFnEAE,0,0,0,0,0,0,0,0,0,0
ChZDSUhNMG9nS0VJQ0FnSUNGaVppME93EAE,1,0,0,0,0,1,0,0,0,1
ChZDSUhNMG9nS0VJQ0FnSURaejdqdUF3EAE,0,0,0,0,0,0,0,0,0,0
ChZDSUhNMG9nS0VJQ0FnSUNaek1mOWVREAE,0,0,0,0,1,0,0,0,0,0
ChdDSUhNMG9nS0VJQ0FnSURKcTZpUzlnRRAB,0,0,0,0,1,0,0,0,0,0
ChZDSUhNMG9nS0VJQ0FnSURKeTVPNlJBEAE,1,0,0,0,0,0,0,0,0,0
ChZDSUhNMG9nS0VJQ0FnSUNKN2QzY0J3EAE,1,0,0,0,0,0,0,0,0,1
ChZDSUhNMG9nS0VJQ0FnSUNKN2IzVWV3EAE,1,0,1,1,1,0,0,0,0,1
ChZDSUhNMG9nS0VJQ0FnSUNKdGJ2Q0V3EAE,0,0,0,0,1,0,0,0,0,1
ChdDSUhNMG9nS0VJQ0FnSUNKbkphSmx3RRAB,0,0,0,0,1,0,0,1,0,0
ChZDSUhNMG9nS0VJQ0FnSUR4amZPRFpREAE,1,0,0,0,0,1,0,1,0,0
ChdDSUhNMG9nS0VJQ0FnSUN4LTY3MGx3RRAB,0,0,1,0,0,0,0,0,0,1
ChdDSUhNMG9nS0VJQ0FnSUNXb3F1Vm9RRRAB,1,0,0,0,0,1,0,0,0,0
ChZDSUhNMG9nS0VJQ0FnSURtMzlXSFZREAE,0,0,0,0,0,0,0,0,0,0
ChZDSUhNMG9nS0VJQ0FnSURtemJLZkFREAE,0,0,1,0,1,0,0,0,0,0
ChZDSUhNMG9nS0VJQ0FnSURtamZUUkJREAE,0,0,0,0,0,0,0,0,0,0
ChdDSUhNMG9nS0VJQ0FnSURtMWJXbXdBRRAB,0,0,0,0,0,0,0,0,0,0
ChZDSUhNMG9nS0VJQ0FnSURtaFpMTU13EAE,0,0,1,1,1,1,0,0,0,1
ChZDSUhNMG9nS0VJQ0FnSURtb2J6d05nEAE,0,0,0,0,1,1,0,0,0,0
ChZDSUhNMG9nS0VJQ0FnSURtdnVPUVp3EAE,0,0,0,0,1,0,0,0,0,1
ChZDSUhNMG9nS0VJQ0FnSURtZ3E3M1JBEAE,0,0,0,0,0,0,0,0,0,0
ChdDSUhNMG9nS0VJQ0FnSURtLUk2UWlRRRAB,0,0,0,0,0,0,0,0,0,0
ChdDSUhNMG9nS0VJQ0FnSURtNklLdjFnRRAB,0,0,0,0,0,0,0,0,0,1
ChdDSUhNMG9nS0VJQ0FnSUNtMTRQcGd3RRAB,0,0,0,0,0,0,0,0,0,0
ChdDSUhNMG9nS0VJQ0FnSUNtNDhLUmtnRRAB,1,0,0,0,0,0,0,0,0,0
Ci9DQUlRQUNvZENodHljRjlvT21kQ01qVmZUVTluWnpaNFdXRmhhblJWV0Y4MU4yYxAB,1,0,0,0,0,0,0,0,0,0
Ci9DQUlRQUNvZENodHljRjlvT2xFMGQwbDVhVTFJTm1oMGQxWTROVlZDWldGNlJrRRAB,0,0,0,0,0,0,0,0,0,0
Ci9DQUlRQUNvZENodHljRjlvT2sxZlVtWXRSRzVJUkZsS1EzcGhNVjh4Ym5oRk1XYxAB,1,0,0,0,0,0,0,0,0,0
ChZDSUhNMG9nS0VJQ0FnTUNvbF92MUl3EAE,1,0,0,0,0,0,0,0,0,0
ChdDSUhNMG9nS0VJQ0FnSUNYcGVmQ25nRRAB,0,0,0,0,0,0,0,0,0,0
ChdDSUhNMG9nS0VJQ0FnSURUNmFuV3RRRRAB,1,0,0,0,0,0,0,0,0,0
ChZDSUhNMG9nS0VJQ0FnSURqZ01mQklnEAE,0,1,1,0,0,0,0,0,0,0
ChdDSUhNMG9nS0VJQ0FnSUNqcnQzd2pRRRAB,1,0,0,0,0,0,0,0,0,0
ChdDSUhNMG9nS0VJQ0FnSUNEal9ud2tRRRAB,1,0,0,0,0,1,0,0,0,1
ChZDSUhNMG9nS0VJQ0FnSUM5ZzlDNUdREAE,0,0,1,0,0,0,0,0,0,0
ChZDSUhNMG9nS0VJQ0FnSUR0NnRhOFhnEAE,1,0,0,0,0,0,0,0,0,0
ChdDSUhNMG9nS0VJQ0FnSUNsMW9xMHl3RRAB,1,0,0,0,0,0,0,0,0,0
ChdDSUhNMG9nS0VJQ0FnSUM1b1lEbnBBRRAB,1,0,0,0,0,0,0,0,1,0
ChZDSUhNMG9nS0VJQ0FnSURaM1ltX0JnEAE,1,0,0,0,0,0,0,0,0,0
ChZDSUhNMG9nS0VJQ0FnSURwdV95WFFREAE,0,0,0,0,0,0,0,0,0,0
ChZDSUhNMG9nS0VJQ0FnSURwcmVyMFNnEAE,1,0,1,0,0,1,0,0,0,0
ChdDSUhNMG9nS0VJQ0FnSURwa29taXhRRRAB,1,0,0,0,0,1,1,0,0,0
ChZDSUhNMG9nS0VJQ0FnSUNKMWZhQUZREAE,1,0,0,0,0,0,0,0,0,0
ChZDSUhNMG9nS0VJQ0FnSURtei1LLUJREAE,0,0,0,0,0,0,0,0,0,0
ChdDSUhNMG9nS0VJQ0FnSURtdmZLV2pBRRAB,0,0,0,0,0,0,0,0,0,0
ChZDSUhNMG9nS0VJQ0FnSURtc3N6TVV3EAE,0,0,0,0,1,0,0,0,0,0
ChZDSUhNMG9nS0VJQ0FnSURta3NfektnEAE,0,0,0,0,0,0,0,0,0,0
ChZDSUhNMG9nS0VJQ0FnSURtMlAzeFhBEAE,0,0,0,0,0,0,0,0,0,0
ChdDSUhNMG9nS0VJQ0FnSURtMExQcm9RRRAB,0,0,0,0,1,0,0,0,0,0
ChZDSUhNMG9nS0VJQ0FnSUNtdGVPMlp3EAE,0,0,0,0,0,0,0,0,0,0
ChdDSUhNMG9nS0VJQ0FnSUNteWYzZGxRRRAB,0,0,0,0,1,0,0,0,0,0
Ci9DQUlRQUNvZENodHljRjlvT2xSeVNGaGpWSFY1UjFGRU9XdHZSbUZvUmxBeGRXYxAB,0,0,0,0,0,0,0,0,0,1
Ci9DQUlRQUNvZENodHljRjlvT2s1M2F6WTNiREJ3U21kUFkwTTBOVnBSWDI5c01rRRAB,0,0,0,0,0,0,0,0,0,0
ChdDSUhNMG9nS0VNMjRwb1B3a1pYNHR3RRAB,0,0,0,0,0,0,0,1,1,0
ChdDSUhNMG9nS0VJQ0FnSUNYZzZHdDJnRRAB,1,0,0,0,0,0,0,0,0,0
ChZDSUhNMG9nS0VJQ0FnSUNibXV6cGRnEAE,1,0,0,1,0,1,1,0,0,0
ChZDSUhNMG9nS0VJQ0FnSURydDRETUNnEAE,0,1,0,0,1,0,0,0,0,0
ChZDSUhNMG9nS0VJQ0FnSUNUbTdfbUxREAE,0,0,0,0,1,0,0,0,0,0
ChdDSUhNMG9nS0VJQ0FnSUM5eV9pWHdnRRAB,0,0,0,0,0,0,0,0,0,0
ChdDSUhNMG9nS0VJQ0FnSUNWOWZ2LTZnRRAB,0,1,1,0,0,0,0,0,1,0
ChdDSUhNMG9nS0VJQ0FnSURaNklPNzJBRRAB,1,0,0,0,0,0,0,0,0,0
ChZDSUhNMG9nS0VJQ0FnSUNaaGVEZUd3EAE,0,0,0,0,0,0,0,0,0,0
ChZDSUhNMG9nS0VJQ0FnSUNKdjcyQk5BEAE,0,0,0,0,0,0,0,0,0,0
ChZDSUhNMG9nS0VJQ0FnSURtdnJXQU53EAE,0,0,0,0,0,0,0,0,0,0
Ci9DQUlRQUNvZENodHljRjlvT2xab09FTkllRlp5WkRkRlpsQmhObGRWYTBwTVdHYxAB,0,0,0,0,0,0,0,0,0,0
Ci9DQUlRQUNvZENodHljRjlvT25CWlRuRnhNRXA2VkROblVtWm1MVFpyWmtWYVQxRRAB,0,0,0,0,0,0,0,0,0,0
ChZDSUhNMG9nS0VJQ0FnSURUNmItZVV3EAE,0,0,0,0,0,0,0,0,0,0
ChdDSUhNMG9nS0VJQ0FnSURKcTZDRWxRRRAB,0,0,1,1,0,1,0,0,0,0
ChZDSUhNMG9nS0VJQ0FnSURtdF8tQkRnEAE,0,1,0,0,0,0,0,0,0,0
ChdDSUhNMG9nS0VJQ0FnSURteTZYNDRnRRAB,0,0,0,0,0,0,0,0,0,0
ChdDSUhNMG9nS0VJQ0FnSUNtNzZTQnRnRRAB,0,0,0,0,0,0,0,0,0,0
ChdDSUhNMG9nS0VJQ0FnSUNtX1l5Nm1nRRAB,0,0,0,0,0,0,0,0,0,0
ChZDSUhNMG9nS0VJQ0FnSUNtblllVmNREAE,0,0,0,0,1,0,0,0,0,0
ChdDSUhNMG9nS0VJQ0FnSUNtNWVUOXZRRRAB,0,0,0,0,1,0,0,0,0,0
Ci9DQUlRQUNvZENodHljRjlvT201emJsSkZjalV3T0ZZNE0zZE1UbTloTTJoUldHYxAB,0,0,0,0,0,0,0,0,0,0
Ci9DQUlRQUNvZENodHljRjlvT21kU2NEaFdkRGRYUjBkR1QzQkdOWE5pVW0xeFpYYxAB,0,0,0,0,0,0,0,0,0,0
Ci9DQUlRQUNvZENodHljRjlvT201RE1UWnVZM2RqY0hWcVJDMUNSbkpFV2s5TlprRRAB,0,0,0,0,0,0,0,0,0,0
Ci9DQUlRQUNvZENodHljRjlvT21WTlRYTklYMncwWTBselowVTVNRkZrZW5ab2RXYxAB,0,0,0,0,0,0,0,0,0,0
Ci9DQUlRQUNvZENodHljRjlvT2xCSGJsODNNV0kwVkhCaFprTkNaVnBqT1ZsbFZWRRAB,0,0,0,0,0,0,0,0,0,0
Ci9DQUlRQUNvZENodHljRjlvT25kc1IzUlZlbVl6YnpGS1lXRjFjRE5TVDNWRmFHYxAB,0,0,0,0,0,0,0,0,0,0
Ci9DQUlRQUNvZENodHljRjlvT2pZd1ExVjJXa0pPWkd0b2JHbFJhVE5tYmkxRmVHYxAB,0,0,0,0,0,0,0,0,0,0
Ci9DQUlRQUNvZENodHljRjlvT25SWlNIVndXVkJUY1dKVk5HWlZkMTlhWTJkcVoxRRAB,0,0,0,0,0,0,0,0,0,0
Ci9DQUlRQUNvZENodHljRjlvT21obFoyWmZlVFZJTkZGTWNubGtWRWxPYlMxWWFGRRAB,0,0,0,0,0,0,0,0,0,0
Ci9DQUlRQUNvZENodHljRjlvT21SdkxXdHFXR2cyZEZKdFRHbGxSMkZOVUZSaVduYxAB,0,0,0,0,0,0,0,0,0,0
Ci9DQUlRQUNvZENodHljRjlvT2xCUldrdE5VbE5HUkhnemR6bGFkbGx3ZGtoWWFGRRAB,0,0,0,0,0,0,0,0,0,0
Ci9DQUlRQUNvZENodHljRjlvT2kxZmNHUk5NVVZ4ZUc5QlgzcEdkekZrTjBSM2EzYxAB,0,0,0,0,0,0,0,0,0,0
Ci9DQUlRQUNvZENodHljRjlvT2pCSlowUnhXR2hWYTBsNVVtUTBZMlJGWkVsaWNrRRAB,0,0,0,0,0,0,0,0,0,0
Ci9DQUlRQUNvZENodHljRjlvT25vMFdWVk5OMWMxWlc1U1JuQkZNa3RZTVdsS1gzYxAB,0,0,0,0,0,0,0,0,0,0
Ci9DQUlRQUNvZENodHljRjlvT2t0VloyRkZZMmN3U0VkWWRVWllRbkJ2YmpScmNXYxAB,0,0,0,0,0,0,0,0,0,0
Ci9DQUlRQUNvZENodHljRjlvT25veU9EVmtkbUZmYm1Kd1FqUm9VR2QwY1Zac1ZHYxAB,0,0,0,0,0,0,0,0,0,0
Ci9DQUlRQUNvZENodHljRjlvT2t0TU1tcFBWbXRyWlZsRU1VOVZXa3B6VDNSNFpVRRAB,0,0,0,0,0,0,0,0,0,0
Ci9DQUlRQUNvZENodHljRjlvT25FNVFtdDZXbUZ5UXpad1RYUjNSV3haUWs5TWNXYxAB,0,0,0,0,0,0,0,0,0,0
Ci9DQUlRQUNvZENodHljRjlvT2xaM1ZUVmllbWs1Y3pSaldHMU5NSFY0ZERWU01WRRAB,0,0,0,0,0,0,0,0,0,0
Ci9DQUlRQUNvZENodHljRjlvT2xscmNHbEpYM2N0WTJ3M2QwNXhOMjFHT1hVMFkxRRAB,0,0,0,0,0,0,0,0,0,0
Ci9DQUlRQUNvZENodHljRjlvT210bFFVODFURE5qWjJsaWNUQnhiVk5NVlVkbFNtYxAB,0,0,0,0,0,0,0,0,0,0
Ci9DQUlRQUNvZENodHljRjlvT205cWJtcFFUUzFYVTJsb2IxRjFXWHBDVEY5U05GRRAB,0,0,0,0,0,0,0,0,0,0
Ci9DQUlRQUNvZENodHljRjlvT2xaS05scDJSbll4VEZNNFozUXRZVk5vWm1KM1QxRRAB,0,0,0,0,0,0,0,0,0,0
Ci9DQUlRQUNvZENodHljRjlvT2xkS01sSXROVVV3UTNGbFlUaHhXbXBMYm14TFEwRRAB,0,0,0,0,0,0,0,0,0,0
Ci9DQUlRQUNvZENodHljRjlvT25OVFFtZHRiazlCTFRsSlpGcEJXRjk2VTJSSmVGRRAB,0,0,0,0,0,0,0,0,0,0
Ci9DQUlRQUNvZENodHljRjlvT2pKNWRrZHNYMDB4VGtaR1VHdE1NRjlEZVZNMFVIYxAB,0,0,0,0,0,0,0,0,0,0
Ci9DQUlRQUNvZENodHljRjlvT21sU0xTMUdObEZDUm1sclVYZGlhM0JPYmpkR1YxRRAB,0,0,0,0,0,0,0,0,0,0
Ci9DQUlRQUNvZENodHljRjlvT20xM01HOU9WbEZMUVVONVNIcGhlbk5DVW1Ka1UwRRAB,0,0,0,0,0,0,0,0,0,0
Ci9DQUlRQUNvZENodHljRjlvT25SYVZsODJiM0Z0ZUhGWGJHVXpUamhpV2t0M1JFRRAB,0,0,0,0,0,0,0,0,0,0
Ci9DQUlRQUNvZENodHljRjlvT2tSNlMwMWpiM2t4TWtwSU5FMU9iV2xwUmt3elluYxAB,0,0,0,0,1,0,0,0,0,0
Ci9DQUlRQUNvZENodHljRjlvT21oTlV6ZG5TR0paY0ZwSVVXWTFWMmhwVEdaU2IxRRAB,0,0,0,0,0,0,0,0,0,0
Ci9DQUlRQUNvZENodHljRjlvT25wbWFHeDFZVVl0YURaamFrMU9XRVowWDJwUmQwRRAB,0,0,0,0,0,0,0,0,0,0
Ci9DQUlRQUNvZENodHljRjlvT2xrd1ptczVkelpDZUZacFpISjBjbkZMWkdabVIyYxAB,0,0,0,0,0,0,0,0,0,0
Ci9DQUlRQUNvZENodHljRjlvT2kwME1WWTFSMUZXVkU1bFFWUXhWVEZaWkhaRE5WRRAB,0,0,0,0,0,0,0,0,0,0
Ci9DQUlRQUNvZENodHljRjlvT205SFpYZExSV3Q1YmtaNldqQkxOWEZ4T1ZsVGJuYxAB,0,0,0,0,0,0,0,0,0,0
Ci9DQUlRQUNvZENodHljRjlvT25CdFduZzFiVFZPVTJSUmEzbERTSGxOZDJGTFoxRRAB,1,0,0,0,0,0,0,0,0,0
Ci9DQUlRQUNvZENodHljRjlvT2xGb056ZHhjMjlIYWtScWFuWm9jRVo2WVdwaWRtYxAB,1,0,0,0,0,0,0,0,0,0
Ci9DQUlRQUNvZENodHljRjlvT2tKYVUwTkdVblZhUVRkWFkzTjRlbkU1VVV4VFYzYxAB,0,0,0,0,0,0,0,0,0,0
Ci9DQUlRQUNvZENodHljRjlvT25wQk4zWjNhRVpSY0VWZlJFRjRWbkpWYVRKWFVVRRAB,0,0,0,0,0,0,0,0,0,0
ChdDSUhNMG9nS0VJQ0FnTURnOXQtejNBRRAB,0,1,0,0,1,0,0,0,0,1
ChdDSUhNMG9nS0VJQ0FnSURYbHZUUTlnRRAB,1,0,0,0,0,0,0,0,0,0
ChZDSUhNMG9nS0VJQ0FnSUM3ejhISFF3EAE,0,0,0,0,0,0,0,0,0,0
ChZDSUhNMG9nS0VJQ0FnSUR0NnEzUE9BEAE,0,0,0,0,0,0,0,0,0,0
ChdDSUhNMG9nS0VJQ0FnSUR0MUxfb3NRRRAB,0,0,0,0,0,0,0,0,0,0
ChdDSUhNMG9nS0VJQ0FnSUROeVp2MTZBRRAB,0,0,0,0,0,0,0,0,0,0
ChdDSUhNMG9nS0VJQ0FnSUNscGNyazZ3RRAB,0,0,0,0,0,0,0,0,0,0
ChZDSUhNMG9nS0VJQ0FnSUNsLWRuX1ZnEAE,0,0,0,0,0,0,0,0,0,0
ChZDSUhNMG9nS0VJQ0FnSURGNjlyRFJ3EAE,0,0,0,0,0,0,0,0,0,0
ChdDSUhNMG9nS0VJQ0FnSUNGNGZlQXBnRRAB,0,0,0,0,0,0,0,0,0,0
ChdDSUhNMG9nS0VJQ0FnSUQ1c3BySnBnRRAB,0,0,0,0,0,0,0,0,0,0
ChdDSUhNMG9nS0VJQ0FnSUQ1c3NMYnBRRRAB,0,0,0,0,0,0,0,0,0,0
ChZDSUhNMG9nS0VJQ0FnSUQ1a3IzTWFREAE,0,0,0,0,0,0,0,0,0,0
ChZDSUhNMG9nS0VJQ0FnSUM1MFpuX1lBEAE,0,0,0,0,0,0,0,0,0,0
ChZDSUhNMG9nS0VJQ0FnSURSOFBlTVRREAE,1,0,0,0,0,0,0,1,0,0
ChdDSUhNMG9nS0VJQ0FnSURtbHFYZDd3RRAB,0,0,0,0,0,0,0,0,0,0
ChZDSUhNMG9nS0VJQ0FnSURtMXZIVE13EAE,0,0,0,0,0,0,0,0,0,0
ChdDSUhNMG9nS0VJQ0FnSURtbHVYcDNRRRAB,0,0,0,0,0,0,0,0,0,0
ChZDSUhNMG9nS0VJQ0FnSURtLXRQb0R3EAE,0,0,0,0,0,0,0,0,0,0
ChZDSUhNMG9nS0VJQ0FnSURtLXU2RFN3EAE,0,0,0,0,0,0,0,0,0,0
ChdDSUhNMG9nS0VJQ0FnSURtbXJXRTZ3RRAB,0,0,0,0,0,0,0,0,0,0
Ci9DQUlRQUNvZENodHljRjlvT25ac2FqaFBUa3hITjNORlYybHlhVzVLZW5WWlozYxAB,0,0,0,0,0,0,0,0,0,0
Ci9DQUlRQUNvZENodHljRjlvT2xRMmQybEZiSE5oVWtWZlYwWlNNMlpGV2tSYWJHYxAB,1,0,0,0,0,0,0,0,0,0
Ci9DQUlRQUNvZENodHljRjlvT2tVd2N6QTJiMmRqYWxwWVNFbzNSbFJsVHpjMFJWRRAB,1,0,0,0,0,0,0,0,0,0
Ci9DQUlRQUNvZENodHljRjlvT2xRd2FqZEtSRFZRUmxkblVVMVdkbHA2ZGxNNE0wRRAB,0,0,0,0,0,0,0,0,0,0
Ci9DQUlRQUNvZENodHljRjlvT2pZME9GaENTRzkzUTBOclEwYzVUVlpoTVhObWJtYxAB,0,0,0,0,0,0,0,0,0,1
Ci9DQUlRQUNvZENodHljRjlvT2tWbmFWbHdjRW90YVhkRVRtcG1PRkZ6UW01dGExRRAB,0,0,0,0,0,0,0,0,0,0
Ci9DQUlRQUNvZENodHljRjlvT2pSTFQyRmphMFJmYkZwbFVrcHFhRUptZDJWS0xYYxAB,0,0,0,0,0,0,0,0,0,0
Ci9DQUlRQUNvZENodHljRjlvT25SeFFrcHZWa3g0ZDJJMVFTMTZhR2xzTTFCRk1sRRAB,0,0,0,0,0,0,0,0,0,0
Ci9DQUlRQUNvZENodHljRjlvT2xFNU1HSnlURlphY2xSS2QwdGpXa3RXVEdoSFdrRRAB,0,0,0,0,0,0,0,0,0,0
Ci9DQUlRQUNvZENodHljRjlvT2pWU1pEVnRVR2RXYWxGUVl6UllMVEZoYm5OeU1GRRAB,0,0,0,0,0,0,0,0,0,0
Ci9DQUlRQUNvZENodHljRjlvT2taNldYZGllR1Z6Y0VFM1FtaHNVbDlHUkZNMU9HYxAB,0,0,0,0,0,0,0,0,0,0
Ci9DQUlRQUNvZENodHljRjlvT21kV01EZFVSbkU1YlhsaGJqRkViMG80U0hCdGEzYxAB,0,0,0,0,0,0,0,0,0,0
Ci9DQUlRQUNvZENodHljRjlvT2s1SWFsZHFUSEpwYmtKcVMzUjJaWGxpWlU5VmNXYxAB,0,0,0,0,0,0,0,0,0,0
Ci9DQUlRQUNvZENodHljRjlvT2tsT1prZFNiR2RzV1ZRelgxTmllSE5VZVRkNkxVRRAB,0,0,0,0,0,0,0,0,0,0
Ci9DQUlRQUNvZENodHljRjlvT2xORVZtMW9kR1U1ZVdSSWNXRlJkVlY0WVhaM2VGRRAB,0,0,0,0,0,0,0,0,0,0
Ci9DQUlRQUNvZENodHljRjlvT2t4TlZVeEVTbkI1WDNkblYxaDJOVzVKTkVweU1WRRAB,0,0,0,0,0,0,0,0,0,0
Ci9DQUlRQUNvZENodHljRjlvT2xWUlRXcGhOSGszYlZsSmFGVnlRakYwWHpoSE4yYxAB,0,0,0,0,0,0,0,0,0,0
Ci9DQUlRQUNvZENodHljRjlvT2pob2EySnlkRGwzZUZkMFIxWnpSVWd3T1ZOQ1MyYxAB,0,0,0,0,0,0,0,0,0,0
Ci9DQUlRQUNvZENodHljRjlvT201UVZISldUMnd4VW1Sc0xXc3hTbkYyVjJjNGMxRRAB,0,0,0,0,0,0,0,0,0,0
Ci9DQUlRQUNvZENodHljRjlvT2xnM1Z6QjVha3RhVHpkTFZEQkNWMUYxTWtZemQzYxAB,0,0,0,0,0,0,0,0,0,0
Ci9DQUlRQUNvZENodHljRjlvT2t4aWFYWjNXVEpzYWxKRWNtTlJTaTFaVjNVMlRXYxAB,0,0,0,0,0,0,0,0,0,0
Ci9DQUlRQUNvZENodHljRjlvT2xRdE9UQllWa1JIWVZvdFVuaFhkbXBuVG5ka2RFRRAB,0,0,0,0,0,0,0,0,0,0
Ci9DQUlRQUNvZENodHljRjlvT2xKaFRFVlJlalJZY2pGaVNuUjRWbVJYWkd4SlVGRRAB,0,0,0,0,0,0,0,0,0,0
Ci9DQUlRQUNvZENodHljRjlvT2pOb2FIRmZNWHBETFZocVZFc3ljbFo1VmtkUWRtYxAB,0,0,0,0,0,0,0,0,0,0
Ci9DQUlRQUNvZENodHljRjlvT2twQ01VNUpOa3gwYjA5emNubFRRekV3YmpoWU4wRRAB,0,0,0,0,0,0,0,0,0,0
Ci9DQUlRQUNvZENodHljRjlvT2xGS2FEaHRURXRCZGs5dlNtdFdWbmw1TjJ4aGEwRRAB,0,0,0,0,0,0,0,0,0,0
Ci9DQUlRQUNvZENodHljRjlvT2sxZlVrMHRVR28zYjJZNVEyZzVRbVY0Y1VneFRXYxAB,0,0,0,0,0,0,0,0,0,0
Ci9DQUlRQUNvZENodHljRjlvT21KcFpXVnNSVzh6VjFwWlMwSlNUamRoV1VWSlNXYxAB,0,0,0,0,0,1,0,0,0,0
Ci9DQUlRQUNvZENodHljRjlvT2tOd1JIcFRSazB5Unpod2RHSXpkM2xqV0VaYUxXYxAB,0,0,0,0,0,0,0,0,0,0
Ci9DQUlRQUNvZENodHljRjlvT21WNFZXUnRaMDVhZW1OeVVWTndUblp3Y0RoT2RHYxAB,0,0,0,0,0,0,0,0,0,0
Ci9DQUlRQUNvZENodHljRjlvT21SelpXMWFjRW8zWmt4eGIyUklNMWRMYW1kbWMwRRAB,0,0,0,0,0,0,0,0,0,0
Ci9DQUlRQUNvZENodHljRjlvT2pkVGJrbFlOWEEwWkVGVlJraG9VRFZVYkRWd1pIYxAB,0,0,0,0,0,0,0,0,0,0
Ci9DQUlRQUNvZENodHljRjlvT25KeE0yMDVVa3hMWWtKcVNUWmhjRTgxWTBoR1pXYxAB,0,0,0,0,0,0,0,0,0,0
Ci9DQUlRQUNvZENodHljRjlvT2t3MU9HdDVNREZvV2tWQ016ZHZaSEpJYzE5TllYYxAB,0,0,0,0,0,0,0,0,0,0
Ci9DQUlRQUNvZENodHljRjlvT2pWVFJrTlFXVEpJTFROSVpIUXdRa3RwYTNSWk1uYxAB,0,0,0,0,0,0,0,0,0,0
Ci9DQUlRQUNvZENodHljRjlvT21kbVVGaFZXVmN3U0c5aE0waDFhMFU0VFVaNVJFRRAB,0,0,0,0,0,0,0,0,0,0
Ci9DQUlRQUNvZENodHljRjlvT2pOb1lVRmpRazQ1U3pWR2NWOWFlakZLVEdWQ2JYYxAB,0,0,0,0,0,0,0,0,0,0
Ci9DQUlRQUNvZENodHljRjlvT2sxdFZFMU5PRWR3TFZkU1YwMWZiR1F4ZG1wU1NHYxAB,0,0,0,0,0,0,0,0,0,0
Ci9DQUlRQUNvZENodHljRjlvT2pGSFQzZEJOV0paU2pKc1NqQnFhSEpvTVZjMlFrRRAB,0,0,0,0,0,0,0,0,0,0
Ci9DQUlRQUNvZENodHljRjlvT21sV2JGcENaMlpCU1ZwWU5YWlJRVmRYUTFCYWEzYxAB,0,0,0,0,0,0,0,0,0,0
Ci9DQUlRQUNvZENodHljRjlvT2paelMwSTFXVzkxZVRaTWFHWjROa3RzTm1Sak0zYxAB,0,0,0,0,0,0,0,0,0,0
Ci9DQUlRQUNvZENodHljRjlvT25SV1ZGVmpVbWM0YjFsVGJUbEtVVUp0TldKNlRWRRAB,0,0,0,0,0,0,0,0,0,0
Ci9DQUlRQUNvZENodHljRjlvT2xoRk1rdzJkV016ZHpFMVYySmxTUzFtUkdOd1FuYxAB,0,0,0,0,0,0,0,0,0,0
Ci9DQUlRQUNvZENodHljRjlvT2xKbVZrVmFORGxJV0d0eVdXWjVOV3BKWjFaclZHYxAB,0,0,0,0,0,0,0,0,0,0
Ci9DQUlRQUNvZENodHljRjlvT2w5Q1UyMTBXV1oyT1VadGFGRmllVWRWYTJWWUxXYxAB,0,0,0,0,0,0,0,0,0,0
Ci9DQUlRQUNvZENodHljRjlvT2pCNk9XMDBNbms0ZGtrdFUybG9lQzFmT0RoU05HYxAB,0,0,0,0,0,0,0,0,0,0
Ci9DQUlRQUNvZENodHljRjlvT2tZdFVWRmtkMUJ0TlRRMVl6TlhYMHBFTVVoS2MzYxAB,0,0,0,0,0,0,0,0,0,0
Ci9DQUlRQUNvZENodHljRjlvT2pkU2FWVjJVR3hOV1V0a05sWm5Wa1pZTkRsdWFrRRAB,0,0,0,0,0,0,0,0,0,0
Ci9DQUlRQUNvZENodHljRjlvT21KR2FESjBVSGxYYUd0TVZqWkdSMmhVU25aTlgxRRAB,0,0,0,0,0,0,0,0,0,0
Ci9DQUlRQUNvZENodHljRjlvT201UVNGcFNSWFJZYm1WeE1EWXlkV0pCWHpjMVVIYxAB,0,0,0,0,0,0,0,0,0,0
Ci9DQUlRQUNvZENodHljRjlvT25wNFlsWmtlRk5vTldRNU5FaGhjV2RDVVZOMU4xRRAB,0,0,0,0,0,0,0,0,0,0
Ci9DQUlRQUNvZENodHljRjlvT214R1REWnFPVmc0WmsxcmNYVnliMWRCWlVWVFZHYxAB,1,0,1,0,0,1,1,0,0,0
Ci9DQUlRQUNvZENodHljRjlvT2s5Sk1qVTVhVWxEVm1kM1VIUjVTMWQzTTB0VVlYYxAB,0,0,0,0,0,0,0,0,0,0
Ci9DQUlRQUNvZENodHljRjlvT25obmFWbHpabnA1VTFWdVZHbFZjV0ZuVEhZMVVVRRAB,0,0,0,0,0,0,0,0,0,0
Ci9DQUlRQUNvZENodHljRjlvT2pSZllVcFdRMTluWXpCRlowaHZWMFJqVGxZMVMwRRAB,0,0,0,0,0,0,0,0,0,0
Ci9DQUlRQUNvZENodHljRjlvT2t4U1MxcDNjVTlGT0ZOblJWQkRaRTFHZUhsVE9HYxAB,0,0,0,0,0,0,0,0,0,0
Ci9DQUlRQUNvZENodHljRjlvT2xjdFQzVmxUalJEVG1GcFpGbzRMVmxhVEhSSlZYYxAB,0,0,0,0,0,0,0,0,0,0
Ci9DQUlRQUNvZENodHljRjlvT21od1Qwb3hYMlZJZUdwblZVSTRka0Y2YlRsSk4xRRAB,0,0,0,0,0,0,0,0,0,0
Ci9DQUlRQUNvZENodHljRjlvT2xaQ2JXeHVXaTFLZG1oTWJuZGZiVzV3TnkxMFJXYxAB,0,0,0,1,0,0,0,0,0,0
Ci9DQUlRQUNvZENodHljRjlvT2pWblNWcFBVV0YyUlVjM01ERndhV05uTUUxeWRHYxAB,0,0,0,0,0,0,0,0,0,0
Ci9DQUlRQUNvZENodHljRjlvT2xRMVJYQnBWRVZLY25WdVJXbG1XWEJUTUhSRVQyYxAB,0,0,0,0,0,0,0,0,0,0
Ci9DQUlRQUNvZENodHljRjlvT21Od1RFUnJVMFIzUTFKSWFtbG9hVmxhY1hoTGVGRRAB,0,0,0,0,0,0,0,0,0,0
Ci9DQUlRQUNvZENodHljRjlvT2tKWFpGZHdMVTlWVUdKcVRGRk9kSEJTTVdoRk9HYxAB,0,0,0,0,0,0,0,0,0,0
Ci9DQUlRQUNvZENodHljRjlvT2tGSU4waHNXbmhVY1cxdU4yc3RWMDVPU0VrMlJFRRAB,0,0,0,0,0,0,0,0,0,0
Ci9DQUlRQUNvZENodHljRjlvT25aNlJEVmhWazlQUzFCeGRtSjZaWEExVkZKRmJtYxAB,0,0,0,0,0,0,0,0,0,0
ChZDSUhNMG9nS0VJQ0FnSUQ5X3ZDUGF3EAE,0,0,0,0,0,0,0,0,0,0
ChZDSUhNMG9nS0VJQ0FnSURkMWMtOGVREAE,0,0,0,0,0,0,0,0,0,0
ChZDSUhNMG9nS0VJQ0FnSURkNlpiYlp3EAE,0,0,0,0,1,1,0,0,0,1
ChdDSUhNMG9nS0VJQ0FnSURkNlphWXRnRRAB,1,0,0,0,0,0,0,0,0,0
ChZDSUhNMG9nS0VJQ0FnSUNkNE1iMkJ3EAE,0,0,1,0,0,0,0,0,0,0
ChZDSUhNMG9nS0VJQ0FnSUN0LUwzdUZnEAE,1,0,0,0,0,0,0,0,0,0
ChZDSUhNMG9nS0VJQ0FnSUNOamJlb0tREAE,1,0,0,0,0,0,0,1,0,0
ChRDSUhNMG9nS0VJQ0FnSUQxNlp3eRAB,1,0,0,1,1,1,0,0,1,0
ChZDSUhNMG9nS0VJQ0FnSUMxb2ZUak5BEAE,1,0,0,0,0,0,0,0,0,0
ChdDSUhNMG9nS0VJQ0FnSURWaXFtenVnRRAB,1,0,1,0,0,0,0,0,0,1
ChZDSUhNMG9nS0VJQ0FnSUNsZ2RIeGJREAE,1,1,1,0,0,0,0,1,0,0
ChZDSUhNMG9nS0VJQ0FnSUNsZ0xibEtREAE,0,1,0,1,1,1,1,0,1,0
ChZDSUhNMG9nS0VJQ0FnSURGcUpiX0t3EAE,1,0,0,0,0,0,0,0,0,0
ChdDSUhNMG9nS0VJQ0FnSURGME1tSG1nRRAB,1,0,0,0,0,0,1,0,1,0
ChRDSUhNMG9nS0VJQ0FnSUNGLVpFVhAB,0,0,1,1,0,1,0,0,0,0
ChdDSUhNMG9nS0VJQ0FnSUNGdWFuRHRRRRAB,0,1,1,1,0,1,1,0,0,0
ChZDSUhNMG9nS0VJQ0FnSUNGNmJfTVFnEAE,1,0,1,0,0,0,0,0,0,0
ChdDSUhNMG9nS0VJQ0FnSUNGMnMtY3V3RRAB,0,0,0,0,0,0,0,0,0,0
ChdDSUhNMG9nS0VJQ0FnSUNGMm9HZjJ3RRAB,0,0,0,0,0,0,0,0,0,0
ChZDSUhNMG9nS0VJQ0FnSUQ1MHY3ckh3EAE,0,0,0,0,0,0,0,0,0,0
ChdDSUhNMG9nS0VJQ0FnSURaanBIOTd3RRAB,0,0,0,0,0,0,0,0,0,0
ChdDSUhNMG9nS0VJQ0FnSURadUpPNF93RRAB,1,1,0,0,0,0,0,0,0,0
ChZDSUhNMG9nS0VJQ0FnSUNaOEpXY2R3EAE,0,0,0,0,0,0,0,1,0,0
ChdDSUhNMG9nS0VJQ0FnSURwcmIzRjB3RRAB,1,0,0,0,0,0,0,0,0,0
ChZDSUhNMG9nS0VJQ0FnSURwNWNQMWFBEAE,1,0,0,0,0,0,0,0,0,0
ChZDSUhNMG9nS0VJQ0FnSURwdHRXUGNREAE,0,0,0,0,1,0,0,0,0,0
ChdDSUhNMG9nS0VJQ0FnSUNwNzZLVndnRRAB,1,0,0,0,0,0,0,0,1,0
ChdDSUhNMG9nS0VJQ0FnSUNwZ2JEVHJnRRAB,1,0,0,0,0,0,1,0,0,0
ChdDSUhNMG9nS0VJQ0FnSURKaTVtQnNRRRAB,0,0,0,0,0,0,0,0,0,0
ChdDSUhNMG9nS0VJQ0FnSUNKOVpUeDlnRRAB,1,0,0,1,0,0,0,0,0,0
ChdDSUhNMG9nS0VJQ0FnSUNKMWY3RzdnRRAB,1,0,0,0,0,0,0,0,0,0
ChdDSUhNMG9nS0VJQ0FnSUNKMVk3VWhnRRAB,1,0,0,0,0,0,0,0,0,0
ChdDSUhNMG9nS0VJQ0FnSUR4MzczMHdBRRAB,1,1,0,0,0,1,0,0,0,0
ChdDSUhNMG9nS0VJQ0FnSUR4cWV5MW53RRAB,1,0,0,0,0,0,0,0,0,0
ChdDSUhNMG9nS0VJQ0FnSURSNWItbnZnRRAB,0,0,0,0,0,0,0,0,0,0
ChdDSUhNMG9nS0VJQ0FnSUR4akpQVjBBRRAB,0,0,0,0,0,0,0,0,1,0
ChZDSUhNMG9nS0VJQ0FnSURSNWUtNFFBEAE,0,0,0,1,0,0,0,0,0,0
ChdDSUhNMG9nS0VJQ0FnSURScGRYNXBRRRAB,1,0,0,0,0,0,0,0,0,0
ChdDSUhNMG9nS0VJQ0FnSUNXa05uZTF3RRAB,0,0,0,0,0,0,0,0,0,0
Ci9DQUlRQUNvZENodHljRjlvT2xNMmJWTTFSMHBUY1c5TFRUZHRaakV4Y0RGVFZsRRAB,1,0,1,0,0,0,0,0,0,0
Ci9DQUlRQUNvZENodHljRjlvT21GVVoxVndRVUZxYWtaNlRGOXZhREpvVWtwblNHYxAB,0,0,0,0,0,0,0,0,0,0
Ci9DQUlRQUNvZENodHljRjlvT21Ga2FGZFNNVzV1YVRCWmFXSnBla3RXZEhBNGJuYxAB,0,0,0,0,0,0,0,0,0,0
Ci9DQUlRQUNvZENodHljRjlvT21GVkxVSnVZa2hJUkhvM1VVWldkMk0yZHpFM1MxRRAB,0,0,0,0,0,0,0,0,0,0
Ci9DQUlRQUNvZENodHljRjlvT2tKb2VYVm5SVFZPZGxRMGVEWmZiSFZsVW5wRE5GRRAB,0,0,0,0,0,0,0,0,0,0
Ci9DQUlRQUNvZENodHljRjlvT21velZXaHhVREI1ZGxoSVJYTlpSM28xUXpFMU4xRRAB,0,0,0,0,0,0,0,0,0,0
Ci9DQUlRQUNvZENodHljRjlvT2paUE0yaGFSSE10UmtkVGNuRkRWVEJsYVZaR1lWRRAB,0,0,0,0,0,1,1,0,0,0
Ci9DQUlRQUNvZENodHljRjlvT2xFek1raHZURTlTWDJKWE0zUkZVR2RLUTB0U1ZVRRAB,0,0,0,0,0,0,0,0,0,0
Ci9DQUlRQUNvZENodHljRjlvT2tsTlUyaHdZMlZTYVZaVWJGWjFSMU5YWTNGZmFtYxAB,0,0,0,0,1,0,0,0,0,0
Ci9DQUlRQUNvZENodHljRjlvT21reVNWSTRTMlkyYkhSNVdYSlhXbVIxTFRKR2QzYxAB,0,0,0,0,0,0,0,0,0,0
Ci9DQUlRQUNvZENodHljRjlvT21WdVRGOW9iazh6VUVOMk9VMXhjMFpuYjFkWmNFRRAB,0,0,0,0,0,0,0,0,0,0
Ci9DQUlRQUNvZENodHljRjlvT2paeFRXNTFRblZCWVRSck9EaHpTRnBoU25Fd1dVRRAB,0,0,0,0,0,0,0,0,0,0
Ci9DQUlRQUNvZENodHljRjlvT2xka1JWcG5XbmhPYUdJNFVGaElUR053YUVGbVdXYxAB,0,0,0,0,0,0,0,0,0,0
Ci9DQUlRQUNvZENodHljRjlvT21Wb1JuazFOWEpyUzFWSGVEZGZWMGhwTUVsUVoyYxAB,0,0,0,0,0,0,0,0,0,0
ChZDSUhNMG9nS0VMX2RyTmV6NXBIcmV3EAE,0,0,0,0,0,0,0,0,0,0
ChZDSUhNMG9nS0VJeTY3c3I3eEtLM1V3EAE,0,0,0,0,0,0,0,0,0,0
ChZDSUhNMG9nS0VMUzhvNTNKanJlc0pREAE,0,0,0,0,0,0,0,0,0,0
ChZDSUhNMG9nS0VJQ0FnTUNZLWNDcEhnEAE,0,0,0,0,0,0,0,0,0,0
ChdDSUhNMG9nS0VJQ0FnTUNZdWFmWnZ3RRAB,0,0,0,0,0,0,0,0,0,0
ChdDSUhNMG9nS0VJQ0FnSUN2OUx2YXVBRRAB,0,0,0,0,0,0,0,0,0,0
ChdDSUhNMG9nS0VJQ0FnSUMzXzZDZV9BRRAB,0,0,0,0,0,0,0,0,0,0
ChdDSUhNMG9nS0VJQ0FnSUMzMjVyUHZ3RRAB,0,0,0,0,0,0,0,0,0,0
ChdDSUhNMG9nS0VJQ0FnSUMzcU42NHFRRRAB,0,0,0,0,0,0,0,0,0,0
ChdDSUhNMG9nS0VJQ0FnSURIc3ZtRjNBRRAB,0,0,0,0,0,0,0,0,0,0
ChdDSUhNMG9nS0VJQ0FnSUNMaC0tNG1nRRAB,0,0,0,0,0,0,0,0,0,0
ChZDSUhNMG9nS0VJQ0FnSURUdjRtdUp3EAE,0,0,0,0,0,0,0,0,0,0
ChdDSUhNMG9nS0VJQ0FnSURUODhXcHR3RRAB,0,0,0,0,0,0,0,0,0,0
ChdDSUhNMG9nS0VJQ0FnSURUdlBQR2pBRRAB,0,0,0,0,0,0,0,0,0,0
ChZDSUhNMG9nS0VJQ0FnSURUc0pxQlJnEAE,0,0,0,0,0,0,0,0,0,0
ChdDSUhNMG9nS0VJQ0FnSUNUZ0tlYXhnRRAB,0,0,1,0,0,0,0,1,0,0
ChZDSUhNMG9nS0VJQ0FnSUNscTRyMVVBEAE,0,0,0,0,0,0,0,0,0,0
Ci9DQUlRQUNvZENodHljRjlvT2padVFtOW1VMWhSVVVkb2JFMWFPR0kzT1RocVduYxAB,0,0,0,0,0,0,0,0,0,0
Ci9DQUlRQUNvZENodHljRjlvT2pac1gxTnFNVEpZWDJSbU5YUlVaWEpEYlZWS1JrRRAB,0,0,1,0,0,0,0,0,0,1
Ci9DQUlRQUNvZENodHljRjlvT2t4SFlVMXFka1E0TXpSQlNFaG9WbDlOZDNOU1JWRRAB,0,0,0,1,0,1,0,0,0,0
Ci9DQUlRQUNvZENodHljRjlvT2twQlNFWlBYM0I1VFhnM2NXTXpUMHhPTjFneFNGRRAB,0,0,0,1,0,1,0,0,0,0
Ci9DQUlRQUNvZENodHljRjlvT25SWVlXdFdaWG93WjJKQ1JIVmlkR2t0WnpOT1VWRRAB,0,0,0,1,0,0,0,0,0,0
Ci9DQUlRQUNvZENodHljRjlvT25sSmFucDFSa1JQYjNwWldUZ3hUV1ZqTjBOTlluYxAB,0,0,0,0,1,0,0,0,0,0
ChdDSUhNMG9nS0VJQ0FnTUR3bkxPUjJ3RRAB,0,0,0,0,0,0,0,0,0,0
ChZDSUhNMG9nS0VJQ0FnSUR2aDZEN09nEAE,0,0,0,0,0,0,0,0,0,0
ChZDSUhNMG9nS0VJQ0FnSUMzaEl1Q0hREAE,1,0,0,0,0,0,0,0,0,0
ChZDSUhNMG9nS0VJQ0FnSUNXeGZDWWJnEAE,0,0,1,0,0,0,0,0,0,0
ChdDSUhNMG9nS0VJQ0FnSUNUNFp2dF9nRRAB,0,0,0,0,0,0,0,0,0,0
ChZDSUhNMG9nS0VJQ0FnSURqMG8yQVNnEAE,0,0,0,0,0,0,0,0,0,0
ChZDSUhNMG9nS0VJQ0FnSUREdklTMkhREAE,0,0,0,0,0,0,0,0,0,1
ChZDSUhNMG9nS0VJQ0FnSURkNzlyTUl3EAE,0,0,1,0,0,0,0,0,0,0
ChZDSUhNMG9nS0VJQ0FnSUNkOEtfQ1lBEAE,0,0,1,0,0,0,0,0,0,0
ChZDSUhNMG9nS0VJQ0FnSURaOGVtZEJ3EAE,0,0,0,1,1,0,0,0,0,0
ChdDSUhNMG9nS0VJQ0FnSURaOGQ3VnZBRRAB,0,0,0,0,0,0,0,0,0,0
ChdDSUhNMG9nS0VJQ0FnSURwOGRLMjRRRRAB,0,0,0,0,0,0,0,0,0,0
ChZDSUhNMG9nS0VJQ0FnSURKeTd5RklREAE,0,0,0,0,0,0,0,0,0,0
ChdDSUhNMG9nS0VJQ0FnSUN4d2VmanZRRRAB,0,0,0,0,0,0,0,0,0,0
ChdDSUhNMG9nS0VJQ0FnSUNXb2FuZHBBRRAB,0,0,0,0,0,0,0,0,0,0
ChdDSUhNMG9nS0VJQ0FnSUNXcW9URC1BRRAB,0,1,0,1,0,0,0,0,0,0
ChZDSUhNMG9nS0VJQ0FnSUNXa3RXOWNBEAE,0,0,0,0,0,0,0,0,0,0
ChZDSUhNMG9nS0VJQ0FnSURtOTR1T0NnEAE,0,0,0,0,0,0,0,0,0,0
ChZDSUhNMG9nS0VJQ0FnSURtLTR2M1dnEAE,0,0,0,1,0,0,0,0,0,0
ChdDSUhNMG9nS0VJQ0FnSURtLTl2YjFBRRAB,0,0,0,0,0,0,0,0,0,0
ChdDSUhNMG9nS0VJQ0FnSURtdTZiVjZRRRAB,0,0,0,0,0,0,0,0,0,0
ChdDSUhNMG9nS0VJQ0FnSURtN2VlRmtnRRAB,0,0,0,0,0,0,0,0,0,0
ChdDSUhNMG9nS0VJQ0FnSURtNlpPSDVBRRAB,0,0,0,0,0,0,0,0,0,0
ChZDSUhNMG9nS0VJQ0FnSURtcnB1aktREAE,0,0,0,0,0,0,0,0,0,0
ChdDSUhNMG9nS0VJQ0FnSURtcm9QUjBnRRAB,0,0,1,1,0,1,0,0,0,0
ChZDSUhNMG9nS0VJQ0FnSURtZ3BEMVlnEAE,0,0,0,0,0,1,0,0,0,0
ChdDSUhNMG9nS0VJQ0FnSURtN0tHSjhnRRAB,0,0,0,0,0,0,0,0,0,0
ChdDSUhNMG9nS0VJQ0FnSURtaElyc3R3RRAB,0,0,0,0,0,0,0,0,0,0
ChZDSUhNMG9nS0VJQ0FnSUNtMTRESk1REAE,0,0,1,0,0,0,0,0,0,0
ChZDSUhNMG9nS0VJQ0FnSUNtNTVyLVZ3EAE,0,0,0,0,0,0,0,0,0,0
ChZDSUhNMG9nS0VJQ0FnSUNtbTZ6Sk9nEAE,0,0,0,0,1,0,0,0,0,0
ChZDSUhNMG9nS0VJQ0FnSUNtNjkyVkR3EAE,0,0,0,0,0,0,0,0,0,0
ChZDSUhNMG9nS0VJQ0FnSUNteS1hZkxREAE,0,0,0,0,0,0,0,0,0,0
ChZDSUhNMG9nS0VJQ0FnSUNta19mRGRnEAE,0,0,0,0,0,0,0,0,0,0
ChZDSUhNMG9nS0VJQ0FnSUNtdmJmcWNREAE,0,1,0,1,0,1,0,0,0,0
ChZDSUhNMG9nS0VJQ0FnSUNtemJydWJREAE,0,0,0,0,0,0,0,0,0,0
ChZDSUhNMG9nS0VJQ0FnSUNtMmZTb01nEAE,0,0,0,0,1,1,1,0,1,0
ChZDSUhNMG9nS0VJQ0FnSUNtbWVyTENBEAE,0,0,0,0,0,0,0,0,0,0
Ci9DQUlRQUNvZENodHljRjlvT2xob1dXbHBUVjl1VkRaQ1VXWkJaMjFxU1RCR2FsRRAB,0,0,0,0,0,0,0,0,0,0
Ci9DQUlRQUNvZENodHljRjlvT2xGdlIwZDFPVU5wTW1OMlFqWmhiM2R0VDJGTFlrRRAB,0,0,0,0,0,0,0,0,0,0
Ci9DQUlRQUNvZENodHljRjlvT2t0Zk5FZExaR0ZGZUhGVFlrTm5iVTlxVDFocFQzYxAB,0,0,0,0,0,0,0,0,0,0
Ci9DQUlRQUNvZENodHljRjlvT25KWFREaEpVakpyVTJOeE0wUnpUbU5FVm1aVGJHYxAB,0,0,0,0,0,0,0,0,0,0
Ci9DQUlRQUNvZENodHljRjlvT25aQ2FuaEtkV3A1T1VGbldFSnZUM1V6YkVoMlgwRRAB,0,0,0,0,0,0,0,0,0,0
Ci9DQUlRQUNvZENodHljRjlvT25CdFMzWmtObFJEYWxadFVuRjJObFJ4YVRBeE5FRRAB,0,0,0,0,0,0,0,0,0,0
Ci9DQUlRQUNvZENodHljRjlvT205SFVXcFlUSFZmTWtsRmFHcFhVekJ2ZFhjMU1YYxAB,0,0,0,0,0,0,0,0,0,0
Ci9DQUlRQUNvZENodHljRjlvT21OelNWZFRVMnRUZFhaUE1VRjRhVmx4ZHpJME5XYxAB,1,0,0,0,0,0,0,0,0,0
Ci9DQUlRQUNvZENodHljRjlvT21adWRHOVNSRWd6ZG14cldXdG5TekJmVEVRNFIyYxAB,0,0,0,0,0,0,0,0,0,0
ChZDSUhNMG9nS0VJQ0FnSUR0NEppTGJ3EAE,0,0,0,0,0,0,0,0,0,0
ChdDSUhNMG9nS0VJQ0FnSUN2NksyUzl3RRAB,0,0,0,0,0,0,0,0,0,0
ChdDSUhNMG9nS0VJQ0FnSUNQdXFMU3hBRRAB,0,0,0,0,0,0,0,0,0,0
ChZDSUhNMG9nS0VJQ0FnSUM3bE9HNWJREAE,0,0,0,0,1,1,0,0,0,0
ChZDSUhNMG9nS0VJQ0FnSURqX3E2NkZnEAE,1,0,0,0,0,1,1,0,0,0
ChdDSUhNMG9nS0VJQ0FnSUR0aXVxUXBBRRAB,0,0,0,0,0,0,0,0,0,0
ChZDSUhNMG9nS0VJQ0FnSUMxa1BMT0ZnEAE,0,0,0,1,0,0,0,0,0,0
ChZDSUhNMG9nS0VJQ0FnSUNGX2Fydk1REAE,0,0,0,1,0,0,0,0,0,0
ChdDSUhNMG9nS0VJQ0FnSURwZ3RQc3dnRRAB,0,0,0,0,0,0,0,0,0,0
ChdDSUhNMG9nS0VJQ0FnSUR4aTdDcHd3RRAB,0,1,1,1,0,0,0,0,0,0
ChdDSUhNMG9nS0VJQ0FnSUN4MjV2ZzF3RRAB,0,0,0,0,0,0,0,0,0,1
ChZDSUhNMG9nS0VJQ0FnSUNXb2VPUWJ3EAE,0,0,0,1,0,0,0,0,0,0
ChdDSUhNMG9nS0VJQ0FnSUNXOHJ5TnRBRRAB,1,0,0,0,0,0,0,0,0,0
ChdDSUhNMG9nS0VJQ0FnSUNXeklmSXh3RRAB,1,0,0,0,0,0,0,0,0,0
ChZDSUhNMG9nS0VJQ0FnSUNXNkl2LVdBEAE,0,0,0,0,0,0,0,0,0,0
ChZDSUhNMG9nS0VJQ0FnSURtei1XV0lnEAE,0,0,0,0,0,0,0,0,0,0
ChZDSUhNMG9nS0VJQ0FnSURtaDZMTVNnEAE,1,0,0,0,0,0,0,0,0,0
ChdDSUhNMG9nS0VJQ0FnSURtZzRHbnhBRRAB,0,0,0,0,0,1,0,0,0,0
ChdDSUhNMG9nS0VJQ0FnSURtcmYzQXNRRRAB,0,0,0,0,0,0,0,0,0,0
ChZDSUhNMG9nS0VJQ0FnSURtOWFHNEJ3EAE,1,0,0,0,1,0,0,1,1,0
ChdDSUhNMG9nS0VJQ0FnSURtM3Etb2hBRRAB,0,0,0,0,0,0,0,0,0,0
ChZDSUhNMG9nS0VJQ0FnSURtdnFxWUFREAE,0,0,0,0,0,0,0,0,0,0
ChdDSUhNMG9nS0VJQ0FnSURtaXZtd2t3RRAB,0,0,0,0,0,0,0,0,0,0
ChdDSUhNMG9nS0VJQ0FnSURtbE5pRzVRRRAB,0,0,1,1,0,1,0,0,0,0
ChdDSUhNMG9nS0VJQ0FnSURtNEx6XzRnRRAB,0,0,0,0,0,0,0,0,0,0
ChZDSUhNMG9nS0VJQ0FnSUNtbVltVEFREAE,1,0,0,0,0,0,0,0,0,0
ChdDSUhNMG9nS0VJQ0FnSUNteWJMc3ZRRRAB,0,0,0,0,0,0,0,0,0,0
Ci9DQUlRQUNvZENodHljRjlvT21SaFRqVTRXV1JOV1dRNU1qVk9jRlV4ZEdWemVIYxAB,0,0,0,0,0,0,0,0,0,0
Ci9DQUlRQUNvZENodHljRjlvT2pFMVUyNUpNbGMxZEZoQlMyOHpWVUY1UzBsSmJrRRAB,0,0,0,0,1,0,0,0,0,0
Ci9DQUlRQUNvZENodHljRjlvT21kZldrOVpUMmx0Ym1GUFJWcDRkSFowUjBSbVkyYxAB,0,0,0,0,0,0,0,0,0,0
Ci9DQUlRQUNvZENodHljRjlvT2xkZlZsTTRWRlJ5WVZCQ2RHbFpiRU5JWVhjd1pXYxAB,0,0,0,0,0,0,0,0,0,0
Ci9DQUlRQUNvZENodHljRjlvT25RMU5tVTFWa3A0U0VGak5uUnlMWHAyV1RoTldIYxAB,0,0,0,0,0,0,0,0,0,0
Ci9DQUlRQUNvZENodHljRjlvT2xneVZITTBXbFpsYXpaWlJrTjNVbTF3Y2tGQ2QxRRAB,0,0,0,0,0,0,0,0,0,0
Ci9DQUlRQUNvZENodHljRjlvT2s1bU5XaE1NRTFvV0hVeE5WWjRWM0JuUTB0VE1GRRAB,0,0,0,0,0,0,0,0,0,0
Ci9DQUlRQUNvZENodHljRjlvT2tWaFdEVnpWVXhwTTBZeWRFRkJiR05sTjBwRVEzYxAB,0,0,0,0,0,0,0,0,0,0
Ci9DQUlRQUNvZENodHljRjlvT201WU9YaHZkbWhCU3pCNVZVbGhZM0ZmVjFVd1gzYxAB,0,0,0,0,0,0,0,0,0,0
Ci9DQUlRQUNvZENodHljRjlvT2xwS1VWWkJNelZYU1ZwbGQwaEZjVXh0ZVhOSlUwRRAB,0,0,0,0,0,0,0,0,0,0
Ci9DQUlRQUNvZENodHljRjlvT2xGdmFqTmZVelJuWlZaQ01FSTFWSFpLYTNWMWMzYxAB,0,0,0,0,0,0,0,0,0,0
Ci9DQUlRQUNvZENodHljRjlvT2psVFdEZElVMEk0TW5aSlVGSjZZVkZaYlV0c1luYxAB,0,0,0,0,0,0,0,0,0,0
ChZDSUhNMG9nS0VNTEpvNmVhcmJ5QUpnEAE,0,0,0,0,0,0,0,0,0,0
ChdDSUhNMG9nS0VJQ0FnTUNZNXJiX193RRAB,0,0,0,0,1,0,0,0,0,0
ChdDSUhNMG9nS0VJQ0FnTURBaHVLcXFnRRAB,0,0,0,0,0,0,0,0,0,0
ChdDSUhNMG9nS0VJQ0FnSURIdXBLTzNBRRAB,1,0,0,0,0,0,0,0,0,0
ChdDSUhNMG9nS0VJQ0FnSUM5azlEUmh3RRAB,1,0,0,0,0,0,0,0,0,0
ChZDSUhNMG9nS0VJQ0FnSUM5dzdUcVJnEAE,1,0,0,0,0,0,0,0,0,0
ChdDSUhNMG9nS0VJQ0FnSUM5Z19fSmlBRRAB,1,0,0,0,1,0,0,1,0,0
ChdDSUhNMG9nS0VJQ0FnSUM5aE0tanVRRRAB,0,0,0,0,0,0,0,0,0,0
ChZDSUhNMG9nS0VJQ0FnSURWbGE2SE53EAE,0,0,0,0,1,0,0,0,0,0
ChdDSUhNMG9nS0VJQ0FnSURwNHRxcjNRRRAB,0,0,0,0,0,0,0,0,0,0
ChdDSUhNMG9nS0VJQ0FnSUN4NGJ1Z21BRRAB,0,0,0,0,0,0,0,0,0,0
ChZDSUhNMG9nS0VJQ0FnSUNXbEwyb0pnEAE,0,0,0,0,0,0,0,0,0,0
ChZDSUhNMG9nS0VJQ0FnSURtZzlLNERREAE,0,0,0,0,0,0,0,0,0,0
ChZDSUhNMG9nS0VJQ0FnSURtdGZTdWNnEAE,0,0,0,0,0,0,0,0,0,0
ChdDSUhNMG9nS0VJQ0FnSURtaW8ybGlRRRAB,0,0,0,0,0,0,0,0,0,0
ChZDSUhNMG9nS0VJQ0FnSURtaU5EWVFnEAE,0,0,0,0,0,0,0,0,0,0
ChZDSUhNMG9nS0VJQ0FnSURtOEtHQUd3EAE,0,0,0,0,0,0,0,0,0,0
ChZDSUhNMG9nS0VJQ0FnSURta0xDRlJREAE,0,0,0,0,0,0,0,0,0,0
ChZDSUhNMG9nS0VJQ0FnSURtNEsyaVBnEAE,0,0,0,0,0,0,0,0,0,0
ChZDSUhNMG9nS0VJQ0FnSUNtcDVHSUNnEAE,0,0,0,1,1,0,0,0,0,0
ChdDSUhNMG9nS0VJQ0FnSUNtZzdTcnZ3RRAB,0,0,0,0,1,0,0,0,0,0
ChZDSUhNMG9nS0VJQ0FnSUNtclpqbFJ3EAE,0,0,0,0,0,0,0,0,0,0
ChZDSUhNMG9nS0VJQ0FnSUNteFl5Q1VREAE,0,0,0,0,0,0,0,0,0,0
Ci9DQUlRQUNvZENodHljRjlvT2xSQ1gyUkxaV2RvUVVSbk9FTmtiVTVEVlVScExXYxAB,0,0,0,0,0,0,0,0,0,0
Ci9DQUlRQUNvZENodHljRjlvT2kxTlgwTXdVRmxsVlc1TVNrOHRNRXRzY0VkeFdrRRAB,0,0,0,0,0,0,0,0,0,0
Ci9DQUlRQUNvZENodHljRjlvT2xGSE5tWXhTMWt6TkhOa1VYVjFUMGRPZG5ocWRGRRAB,0,0,1,1,1,0,0,0,0,1
ChdDSUhNMG9nS0VJQ0FnTUNvNllqWjd3RRAB,0,0,0,0,0,0,0,0,0,0
ChdDSUhNMG9nS0VJQ0FnSUNYNVliMHlRRRAB,0,0,0,0,0,0,0,0,0,0
ChZDSUhNMG9nS0VJQ0FnSUMxOE9iUmNnEAE,0,0,0,0,1,0,0,0,0,0
ChZDSUhNMG9nS0VJQ0FnSUNKZzRMdktnEAE,0,0,0,0,0,0,0,0,0,0
ChZDSUhNMG9nS0VJQ0FnSUNKZ01UeEF3EAE,1,0,1,1,1,0,0,0,0,0
ChdDSUhNMG9nS0VJQ0FnSURtMjh2cjFnRRAB,0,0,0,0,0,0,0,0,0,0
ChdDSUhNMG9nS0VJQ0FnSURtMHREMDV3RRAB,0,0,0,0,0,0,0,0,0,0
ChZDSUhNMG9nS0VJQ0FnSUNtdmZlR0lBEAE,0,0,0,0,0,0,0,0,0,0
ChZDSUhNMG9nS0VJQ0FnSUNtMmJESGNnEAE,1,0,1,0,0,0,0,0,0,0
ChdDSUhNMG9nS0VJQ0FnSUNXcmN6TDlBRRAB,0,0,0,0,0,0,0,0,0,0
ChdDSUhNMG9nS0VJQ0FnSUNaNXFqT3pBRRAB,1,0,0,0,1,0,0,0,0,1
ChZDSUhNMG9nS0VJQ0FnSUNwcWRpMGVnEAE,0,0,0,0,0,0,0,0,0,0
ChdDSUhNMG9nS0VJQ0FnSUNwanFEOHJ3RRAB,0,0,0,0,0,0,0,0,0,1
ChZDSUhNMG9nS0VJQ0FnSURKODRYUGJREAE,0,0,1,1,1,0,0,0,0,0
ChZDSUhNMG9nS0VJQ0FnSUR4dnFPUkNnEAE,0,0,0,0,0,0,0,0,0,0
Ci9DQUlRQUNvZENodHljRjlvT25CNVIyRnBiRGg0Y0RaS1NIZGhURGhGVWtkc00wRRAB,1,0,0,0,0,0,0,0,0,0
Ci9DQUlRQUNvZENodHljRjlvT2tOeldVSXphRXBPVDI1UWJXdFRhVTlKUWxKMVNrRRAB,0,0,0,0,0,0,0,0,0,0
Ci9DQUlRQUNvZENodHljRjlvT2kwM2JFOUxWMjFLZFc5dkxVRm1RMDFCWmtadlluYxAB,0,0,0,0,0,0,0,0,0,0
Ci9DQUlRQUNvZENodHljRjlvT2tWalVEQjBUbXRDVUZGT05IcFpSME41U0ZZeFMwRRAB,0,0,0,0,0,0,0,0,0,0
ChdDSUhNMG9nS0VJQ0FnSUNMaTVMN2tRRRAB,0,0,0,0,0,0,0,0,0,0
Ci9DQUlRQUNvZENodHljRjlvT210T2VraHhaVkpCTkRaSFYydEZRV2RrV1hKWlpYYxAB,0,0,0,0,0,0,0,0,0,0
Ci9DQUlRQUNvZENodHljRjlvT2pJMGIxRkdielI1WmxsUk1WTlVWMFEzVUdvMlRrRRAB,0,0,0,0,0,0,0,0,0,0
Ci9DQUlRQUNvZENodHljRjlvT2xnelFscFhPRUpGVVVGcE1HWjBORkpaYlhsNFpYYxAB,0,0,0,0,0,0,0,0,0,0
Ci9DQUlRQUNvZENodHljRjlvT21oc2VHVlJRbWh6TnpSdFZ6UmtiRmhKVm5wQ2RtYxAB,0,0,0,0,0,0,0,0,0,0
Ci9DQUlRQUNvZENodHljRjlvT2tSSmVUVkRObGMxU0dSMmVUWXhlVzV3VjBSUllXYxAB,0,0,0,0,0,0,0,0,0,0
Ci9DQUlRQUNvZENodHljRjlvT2tWalJYUTRYMTlRWmw4MFEyTkhYMlJHWldsUGJHYxAB,0,0,0,0,0,0,0,0,0,0
Ci9DQUlRQUNvZENodHljRjlvT21OUWRIQlVWbnA2ZDNZMGJEUnlZbmxZT1dGbGVWRRAB,0,0,0,0,0,0,0,0,0,0
Ci9DQUlRQUNvZENodHljRjlvT25OaVJHcG5SM0pGUjFCYVRYbE9VMFpQVEdnemNVRRAB,0,0,0,0,0,0,0,0,0,0
Ci9DQUlRQUNvZENodHljRjlvT2kxRU1tVk9PSE5ZYlVwcU1GZEtTMkZyWW1vMlgxRRAB,0,0,0,0,0,0,0,0,0,0
Ci9DQUlRQUNvZENodHljRjlvT25aYVZEZHdPSGR3ZEU5S2JIUlpkblJDZEZsalpIYxAB,0,0,0,0,0,0,0,0,0,0
Ci9DQUlRQUNvZENodHljRjlvT21vNFNuaFphVGxRVm5wNWVHOXFRVzh6Wm5KcFVIYxAB,0,0,0,0,0,0,0,0,0,0
Ci9DQUlRQUNvZENodHljRjlvT2xkWWFEWjFhM056VnpOWGIzVnVPRkZTYTFoVmIwRRAB,0,0,0,0,0,0,0,0,0,0
Ci9DQUlRQUNvZENodHljRjlvT21SVk5IVTFUa1pQY0ZKaE5WSTRRbVZMYjFkWlpXYxAB,0,0,0,0,0,0,0,0,0,0
Ci9DQUlRQUNvZENodHljRjlvT2pSS2NEbDJOVFZQUzNkVWFTMVVWakJMU2xoNlVFRRAB,0,0,0,0,0,0,0,0,0,0
Ci9DQUlRQUNvZENodHljRjlvT21kNWNtOUNkVXBFUWt4MGNVSjBkM040VW5jeU5WRRAB,0,0,0,0,0,0,0,0,0,0
Ci9DQUlRQUNvZENodHljRjlvT2xRNVJqazRRbE0xUkVJMlVFVnZWVWhVVEdaSGMyYxAB,0,0,0,0,0,0,0,0,0,0
Ci9DQUlRQUNvZENodHljRjlvT201MVYwNTJTREJJYTAxUlJVcHdPRGhUTFMweFlWRRAB,0,0,0,0,0,0,0,0,0,0
Ci9DQUlRQUNvZENodHljRjlvT25vdGFWUjRiWHAwUm5OcllVZzFSbnBXY1dSRU5uYxAB,0,0,0,0,0,0,0,0,0,0
Ci9DQUlRQUNvZENodHljRjlvT2xWaU5IWTJYM05GZHpoWlMwMXpXSFJzU0ZCRldrRRAB,0,0,0,0,0,0,0,0,0,0
Ci9DQUlRQUNvZENodHljRjlvT21SMWRVOUlWREJsWWxoMU1FZFpTakpEVkZsNFVrRRAB,0,0,0,0,0,0,0,0,0,0
Ci9DQUlRQUNvZENodHljRjlvT2pCdWJ6Sm9UVXBETlRSTFFWcFplbk10VFhwUlJXYxAB,0,0,0,0,0,0,0,0,0,0
Ci9DQUlRQUNvZENodHljRjlvT2pSNVVrRkZNREJXYm5kRmJtNVZhSFZUTm5aUmRuYxAB,0,0,0,0,0,0,0,0,0,0
Ci9DQUlRQUNvZENodHljRjlvT2w4M2MyRXdlVGxmYmt0b2VISXdNaTFpZHpjdFpIYxAB,0,0,0,0,0,0,0,0,0,0
Ci9DQUlRQUNvZENodHljRjlvT2pWWVJVdGljRlZXUms5UVVqbE1YMVZyU0hVd1FsRRAB,0,0,0,0,0,0,0,0,0,0
Ci9DQUlRQUNvZENodHljRjlvT2t0SWExQlBZbWd0YW1VeFRGbG5MVXhLYTIxRWNVRRAB,0,0,0,0,1,0,0,0,0,0
Ci9DQUlRQUNvZENodHljRjlvT2pOVUxXbHlVVFU1VlVac2IwOVFWbmRsYjBSNVFuYxAB,0,0,0,0,0,0,0,0,0,0
Ci9DQUlRQUNvZENodHljRjlvT214aWFuZHVUbXB4UVhsMVdGaG9YMEZJZEhsSFdFRRAB,0,0,0,1,0,1,0,0,0,0
Ci9DQUlRQUNvZENodHljRjlvT2pGVWFHZEpha2hHTjJoRmJYQmlVR2hKTmxnNVJXYxAB,0,1,1,0,0,1,0,0,0,0
Ci9DQUlRQUNvZENodHljRjlvT210Qk5UQk1RbU5QVDNGTVdFSkJWMEZIUVVKNldWRRAB,0,0,0,0,0,0,0,0,0,0
Ci9DQUlRQUNvZENodHljRjlvT25OcGQzcFRibVU0YlhrMVFtUm9YMmxFWWt4V1RVRRAB,0,0,0,0,0,0,0,0,0,0
Ci9DQUlRQUNvZENodHljRjlvT25BelgyeFpZVTUyU2tWb1NIcFVjbXg0TVdac1EzYxAB,0,0,0,0,0,0,0,0,0,0
Ci9DQUlRQUNvZENodHljRjlvT21KUVQxcDJlbWt5T0c1aVZVZzJVMVJPTVhOQlRHYxAB,0,0,0,0,0,0,0,0,0,0
Ci9DQUlRQUNvZENodHljRjlvT2pOZmFrbGFkeTFHVkZaVWEwNVNTMDV5WkZKcFNXYxAB,0,0,0,0,0,0,0,0,0,0
Ci9DQUlRQUNvZENodHljRjlvT25kaFdHRnVZVWd3UjJWa1ExQlFkME5RTWtGemFuYxAB,0,0,0,0,0,0,0,0,0,0
Ci9DQUlRQUNvZENodHljRjlvT25kUldtcGFjMXAxZFdoUlVVTkpkV3BXYjNKSlRYYxAB,0,0,0,0,0,0,0,0,0,0
Ci9DQUlRQUNvZENodHljRjlvT2t0V1dHVklkV0U1T1hCbVMxVjNTamg2YVV0Q1VWRRAB,0,1,0,0,0,0,0,0,0,0
Ci9DQUlRQUNvZENodHljRjlvT2xaUVdFazRNMFpvVGtrd01tdGpUR3BmVjFOSVNIYxAB,1,0,0,0,0,1,1,0,0,0
Ci9DQUlRQUNvZENodHljRjlvT21GNlpHTjZka1JGZFZFemNEZFhPVXRKWWxjMmJGRRAB,0,0,0,0,0,0,0,0,0,0
Ci9DQUlRQUNvZENodHljRjlvT2sxWmRucGFTVFZRUVhOeWRtaG9hVjlhVm5aS1kyYxAB,0,0,0,0,0,0,0,0,0,0
Ci9DQUlRQUNvZENodHljRjlvT214S1JuUkpWVmhPY1ZGSVRVdFRVMmxEVkdaQ1UxRRAB,0,0,0,0,0,0,0,0,0,0
Ci9DQUlRQUNvZENodHljRjlvT2xWd1N6WkZXRlJIV1U5T056SjJSa1pVTVdkbFQwRRAB,0,0,0,0,0,0,0,0,0,0
Ci9DQUlRQUNvZENodHljRjlvT2s1NFlsOWZVa1YwYlRFd2RITkpPRk5wYW1aRmNuYxAB,0,0,0,0,0,0,0,0,0,0
Ci9DQUlRQUNvZENodHljRjlvT2tOQ1QzSlpjME5SY3pWU2FIVjJaRGt0ZDI1blZVRRAB,0,0,0,0,0,0,0,0,0,0
Ci9DQUlRQUNvZENodHljRjlvT2w5dE1VdFNjbkZIUVVsbWRIWm5UREE1TWxBMlgwRRAB,0,0,0,0,0,0,0,0,0,0
Ci9DQUlRQUNvZENodHljRjlvT2pGdWNteEdRM2hsZVZOVlZtUlRXazQyTlV4WU4wRRAB,0,0,0,0,0,0,0,0,0,0
Ci9DQUlRQUNvZENodHljRjlvT21oWWNtSXlUbXRIVTNveGJGWlZMWFJxWnpOeGFYYxAB,0,0,0,0,0,0,0,0,0,1
Ci9DQUlRQUNvZENodHljRjlvT25WQlFYRlpNMDQ1UzBWd1NVRXRZVFphV2pkM2JYYxAB,0,0,1,1,0,0,0,0,0,0
Ci9DQUlRQUNvZENodHljRjlvT2w5TGRWUkJOMFpQYkdWbVpFSjJNSEp4VG0xbFVWRRAB,0,0,0,0,1,0,0,0,0,0
Ci9DQUlRQUNvZENodHljRjlvT21ZMFF6a3RhalpYU1hORlVXcFFOVWMzVW1Sak1tYxAB,0,0,0,1,1,0,0,0,0,0
Ci9DQUlRQUNvZENodHljRjlvT2tGR00xUTBUbkpqVUZSTVgzbDBPSFpLYUZRMVoxRRAB,0,0,0,0,0,0,0,0,0,0
Ci9DQUlRQUNvZENodHljRjlvT2sxM2R6Vk1jazB6YkZGSmMyZzNla05oYjFkYVgyYxAB,0,0,0,1,0,0,0,0,0,0
Ci9DQUlRQUNvZENodHljRjlvT2t4MVNqY3hXVEI0UkdoaGRrRklUV3BmVFdsVGFXYxAB,0,0,0,0,1,1,1,0,0,0
Ci9DQUlRQUNvZENodHljRjlvT2toa2VWUlVWSGgwTVdOeWEycHNPSE5oZDAxWk1tYxAB,0,0,0,0,1,0,0,0,0,0
Ci9DQUlRQUNvZENodHljRjlvT25oS1VqSjFkVVJuY1VsU2FEZHplbmxTYnkxcU5WRRAB,0,1,1,0,1,1,0,0,0,0
Ci9DQUlRQUNvZENodHljRjlvT21ZelFWRTRSa3RDUmtWU05XeDNielJVU2pKcVZGRRAB,0,0,0,0,0,0,0,0,0,0
Ci9DQUlRQUNvZENodHljRjlvT2pGd05XaE5Xa3BzWTFWSU1UVklkRzlDTmxSdlMwRRAB,0,0,1,0,0,1,0,0,0,0
Ci9DQUlRQUNvZENodHljRjlvT2tGUGNqVjVVbGcxY1Y5elIya3pNVTlXV1VOeVdGRRAB,1,0,0,0,0,0,0,0,0,0
Ci9DQUlRQUNvZENodHljRjlvT2tWQlkxVk5iSFJGV1c0eVFraGFZbmQ1V1hoRVdtYxAB,1,0,0,0,0,0,0,0,0,0
Ci9DQUlRQUNvZENodHljRjlvT2xaUFV6bHBUMkZOU25FMVkxb3dXa1JEVEVaUk5YYxAB,0,0,0,0,0,0,0,0,0,0
Ci9DQUlRQUNvZENodHljRjlvT2t3eWFGWlZjRWQyZUc1NGJIWTVkVTlSVFhOdk5tYxAB,0,0,0,0,0,0,0,0,0,0
Ci9DQUlRQUNvZENodHljRjlvT2xKQmVtSldiR3MxZGs5emJrUmtkM2R3YjBvd1RuYxAB,0,1,0,1,0,1,0,0,0,0
Ci9DQUlRQUNvZENodHljRjlvT2xsRFZEUnZOVTlOYkU1bE5ubzNkbmxGYkVsbFRWRRAB,0,1,0,1,0,1,1,0,0,0
Ci9DQUlRQUNvZENodHljRjlvT2tka1VIcFVWamRHV0RoSmNEY3haVVp6Vm10Q1IzYxAB,0,0,0,0,0,0,0,0,0,0
ChZDSUhNMG9nS0VKMlRsNGU5bk5LeUZnEAE,0,0,0,0,0,0,0,0,0,0
ChZDSUhNMG9nS0VJQ0FnTUN3ejZuc0VREAE,1,0,0,0,0,0,0,0,0,0
ChZDSUhNMG9nS0VJQ0FnTURRXzZQQ0VREAE,0,0,0,0,0,0,0,0,0,0
ChZDSUhNMG9nS0VJQ0FnTURnaXZQWUdREAE,0,0,0,1,0,1,0,0,0,0
ChdDSUhNMG9nS0VJQ0FnTUNBcGZfUDNnRRAB,0,0,0,0,0,0,0,0,0,1
ChZDSUhNMG9nS0VJQ0FnSUN2N3RLbkNBEAE,0,0,1,0,0,0,0,0,0,1
ChdDSUhNMG9nS0VJQ0FnSURQNk95cDRRRRAB,0,0,0,1,0,0,0,0,0,0
ChdDSUhNMG9nS0VJQ0FnSUNQc0tiOHJnRRAB,1,0,0,0,0,0,0,0,0,0
ChdDSUhNMG9nS0VJQ0FnSUNubTg2b2xRRRAB,0,0,1,0,0,0,0,0,0,0
ChZDSUhNMG9nS0VJQ0FnSUNiNU1xTEtREAE,1,0,0,0,0,0,0,0,0,0
ChdDSUhNMG9nS0VJQ0FnSUNUbF9uQXh3RRAB,0,0,0,0,0,0,0,0,0,0
ChZDSUhNMG9nS0VJQ0FnSUNUbllQNVlBEAE,1,0,0,0,0,0,0,0,0,0
ChZDSUhNMG9nS0VJQ0FnSUNqX3J6WUdBEAE,0,0,1,0,0,1,0,0,0,0
ChZDSUhNMG9nS0VJQ0FnSUNEaVlURVNnEAE,0,0,0,0,1,0,0,0,0,0
ChdDSUhNMG9nS0VJQ0FnSUM5MWFHYjBnRRAB,1,0,0,0,0,1,1,0,0,0
ChZDSUhNMG9nS0VJQ0FnSURkMllXaGZ3EAE,0,0,0,0,0,0,0,0,0,0
ChdDSUhNMG9nS0VJQ0FnSUROMTdQWTNnRRAB,1,0,0,0,0,1,1,0,0,0
ChZDSUhNMG9nS0VJQ0FnSUROX043eU1BEAE,0,0,1,0,0,0,0,0,0,0
ChZDSUhNMG9nS0VJQ0FnSUROZ3JHRVZREAE,0,0,0,0,0,1,1,0,0,0
ChZDSUhNMG9nS0VJQ0FnSUQxeHY3dlRBEAE,0,0,0,0,0,0,0,0,0,0
ChZDSUhNMG9nS0VJQ0FnSUQxa3VxM2N3EAE,0,0,0,0,0,0,0,0,0,0
ChdDSUhNMG9nS0VJQ0FnSUQxaEtyQzNnRRAB,0,1,0,0,0,1,0,0,0,0
ChdDSUhNMG9nS0VJQ0FnSUMxX1l1UWdnRRAB,0,0,0,0,0,0,0,0,0,1
ChdDSUhNMG9nS0VJQ0FnSURGcGVHVjh3RRAB,0,1,1,0,0,0,0,0,0,0
ChZDSUhNMG9nS0VJQ0FnSURGdWREcFVBEAE,0,0,0,1,1,0,0,0,0,0
ChdDSUhNMG9nS0VJQ0FnSURGOE1tYzBBRRAB,0,0,0,0,0,0,0,0,0,1
ChZDSUhNMG9nS0VJQ0FnSUNGMWZ5OVFBEAE,0,0,0,0,0,0,0,0,0,1
ChdDSUhNMG9nS0VJQ0FnSUNGNmItR2pBRRAB,0,0,0,0,0,0,0,0,0,0
ChZDSUhNMG9nS0VJQ0FnSUM1MmE2Y0N3EAE,0,0,0,0,0,0,0,0,0,0
ChZDSUhNMG9nS0VJQ0FnSURKNTkzc1dnEAE,0,0,0,0,0,0,0,0,0,0
ChdDSUhNMG9nS0VJQ0FnSURKaDRITG1BRRAB,0,0,0,0,0,0,0,0,0,0
ChZDSUhNMG9nS0VJQ0FnSURSMTRHSUtBEAE,0,1,0,0,0,0,0,0,0,0
ChdDSUhNMG9nS0VJQ0FnSUNXaXM3VDV3RRAB,0,1,0,0,1,0,0,0,0,0
ChdDSUhNMG9nS0VJQ0FnSUNXc3ZfazFnRRAB,0,0,0,0,0,0,0,0,0,0
ChdDSUhNMG9nS0VJQ0FnSUNXbkttZjhBRRAB,0,0,0,0,0,0,0,0,0,0
ChdDSUhNMG9nS0VJQ0FnSUNXdEpXajd3RRAB,0,0,0,0,0,0,0,0,0,0
ChdDSUhNMG9nS0VJQ0FnSUNXNUtxU2lBRRAB,1,0,1,0,0,0,0,0,0,0
ChZDSUhNMG9nS0VJQ0FnSUNXaGZiQUFnEAE,0,0,0,0,0,0,0,0,0,0
ChZDSUhNMG9nS0VJQ0FnSURXd3ZDN0x3EAE,0,0,0,0,0,0,0,0,0,0
ChdDSUhNMG9nS0VJQ0FnSUNXb19pYnhBRRAB,0,0,0,0,0,0,0,0,0,0
ChZDSUhNMG9nS0VJQ0FnSUNPaW95WEN3EAE,0,0,0,0,0,0,0,0,0,0
ChdDSUhNMG9nS0VJQ0FnSUNMOU1YVDhRRRAB,0,0,0,1,0,0,0,0,0,0
ChdDSUhNMG9nS0VJQ0FnSURqal9INDR3RRAB,0,0,0,1,0,1,0,0,0,0
ChZDSUhNMG9nS0VJQ0FnSURabWRxbUZREAE,0,0,0,0,0,0,0,0,0,0
ChdDSUhNMG9nS0VJQ0FnSURaOFk2bmxnRRAB,0,0,1,0,0,0,0,0,0,0
ChdDSUhNMG9nS0VJQ0FnSUNaNjZEM2d3RRAB,0,0,0,1,0,0,0,0,0,0
ChRDSUhNMG9nS0VJQ0FnSUNaeE9RNBAB,0,0,1,0,0,0,0,0,0,0
ChZDSUhNMG9nS0VJQ0FnSURwNjhfbVB3EAE,0,0,0,0,0,0,0,0,0,0
ChdDSUhNMG9nS0VJQ0FnSUNKc2RTSTVBRRAB,0,0,0,1,1,0,0,0,0,0
ChdDSUhNMG9nS0VJQ0FnSUNwcjlDcDRRRRAB,0,0,1,0,0,0,0,0,0,0
ChZDSUhNMG9nS0VJQ0FnSUNwdV8zTVpREAE,0,0,0,0,0,0,0,0,0,1
ChZDSUhNMG9nS0VJQ0FnSUNwdUt2a2V3EAE,0,0,0,0,0,1,0,0,0,0
ChZDSUhNMG9nS0VJQ0FnSURKbmViZFZnEAE,0,0,1,0,0,1,0,0,0,0
ChdDSUhNMG9nS0VJQ0FnSURKcUpqY3ZnRRAB,0,0,1,1,0,0,0,0,0,0
ChdDSUhNMG9nS0VJQ0FnSUNKMzV5UXBnRRAB,0,0,0,0,0,0,0,0,0,0
ChdDSUhNMG9nS0VJQ0FnSUNKX09LRzdnRRAB,0,0,0,0,0,0,0,0,0,0
ChdDSUhNMG9nS0VJQ0FnSUN4eFlTSjdnRRAB,1,0,0,0,0,0,0,0,0,0
ChZDSUhNMG9nS0VJQ0FnSUNSMV9tRllBEAE,0,0,0,0,0,0,0,0,0,0
ChZDSUhNMG9nS0VJQ0FnSUNXd2ZpckRBEAE,0,0,0,0,0,0,0,0,0,0
ChZDSUhNMG9nS0VJQ0FnSUNXLU43aEpnEAE,0,0,0,0,0,0,0,0,0,0
ChZDSUhNMG9nS0VJQ0FnSUNXZ0x1SGJREAE,0,0,0,0,0,0,0,0,0,0
ChdDSUhNMG9nS0VJQ0FnSURtdDRlOXBBRRAB,1,0,0,0,0,0,0,0,0,0
ChZDSUhNMG9nS0VJQ0FnSUNtLWZhVUd3EAE,0,0,0,0,0,0,0,0,0,0
ChdDSUhNMG9nS0VJQ0FnSURtMC1IX21RRRAB,0,0,0,0,0,0,0,0,0,0
ChdDSUhNMG9nS0VJQ0FnSURtbzV1amd3RRAB,1,0,1,0,0,0,0,0,0,0
ChdDSUhNMG9nS0VJQ0FnSURtX2JhNF9nRRAB,0,0,0,0,0,0,0,0,0,0
